;deployment;rev;num_files;first_file_date;last_file_date;num_days;Setup.date;Revision.date;Functioning.days;Timestamp_Issues;favourite;Comments
1;Aspa011_28;Rev07;549;28/7/22 20:47;31/7/22 14:07;2.722662037;28/7/22;2/8/22;5;NA;NA;
2;Aspa012_29;Rev07;564;28/7/22 20:47;31/7/22 15:57;2.79875;28/7/22;2/8/22;5;NA;NA;
3;Aspa013_30;Rev07;548;28/7/22 20:45;29/7/22 17:45;0.874780093;28/7/22;2/8/22;5;NA;NA;
4;Aspa014_31;Rev07;52;28/7/22 20:54;2/8/22 11:59;4.628657407;28/7/22;2/8/22;5;NA;NA;
5;Aspa015_32;Rev07;517;28/7/22 21:00;29/7/22 17:23;0.849791667;28/7/22;2/8/22;5;NA;NA;
6;Aspa002_33;Rev08;601;2/8/22 13:26;8/8/22 15:23;6.08087963;2/8/22;11/8/22;9;NA;NA;
7;Aspa003_34;Rev08;480;31/12/17 23:03;9/1/18 20:58;8.912986111;2/8/22;11/8/22;9;NA;NA;
8;Aspa011_28;Rev08;691;2/8/22 11:59;4/8/22 18:35;2.275324074;2/8/22;11/8/22;9;NA;NA;
9;Aspa012_29;Rev08;333;2/8/22 11:57;11/8/22 11:50;8.995300926;2/8/22;11/8/22;9;NA;NA;
10;Aspa013_30;Rev08;554;2/8/22 11:59;3/8/22 12:50;1.035324074;2/8/22;11/8/22;9;NA;NA;
11;Aspa014_31;Rev08;46;3/8/22 16:02;11/8/22 12:03;7.83349537;2/8/22;11/8/22;9;NA;NA;
12;Aspa015_32;Rev08;557;2/8/22 12:04;3/8/22 14:25;1.097592593;2/8/22;11/8/22;9;TRUE;NA;
13;Aspa002_33;Rev09;438;11/8/22 11:38;18/8/22 13:30;7.077569444;11/8/22;18/8/22;7;TRUE;NA;
14;Aspa003_34;Rev09;572;11/8/20 11:35;12/8/20 18:10;1.274166667;11/8/22;18/8/22;7;NA;NA;
15;Aspa011_28;Rev09;551;31/12/17 23:01;4/1/18 3:46;3.198194444;11/8/22;18/8/22;7;NA;NA;
16;Aspa012_29;Rev09;151;11/8/22 11:52;18/8/22 12:05;7.00912037;11/8/22;18/8/22;7;NA;NA;
17;Aspa013_30;Rev09;557;11/8/22 11:50;12/8/22 13:44;1.078819444;11/8/22;18/8/22;7;NA;NA;
18;Aspa014_31;Rev09;52;11/8/22 12:05;18/8/22 12:08;7.002569444;11/8/22;18/8/22;7;NA;NA;
19;Aspa015_32;Rev09;604;11/8/22 12:05;14/8/22 15:28;3.141111111;11/8/22;18/8/22;7;TRUE;NA;
20;Aspa016_35;Rev09;527;11/8/22 13:59;14/8/22 16:22;3.099236111;11/8/22;18/8/22;7;NA;NA;
21;Aspa017_36;Rev09;561;11/8/22 14:01;14/8/22 13:45;2.988958333;11/8/22;18/8/22;7;NA;NA;
22;Aspa018_37;Rev09;430;11/8/22 14:02;18/8/22 11:29;6.894097222;11/8/22;18/8/22;7;NA;NA;
23;Aspa019_38;Rev09;543;11/8/22 14:05;12/8/22 16:32;1.101875;11/8/22;18/8/22;7;NA;NA;
24;Aspa020_39;Rev09;314;11/8/22 14:06;13/8/22 10:46;1.861435185;11/8/22;18/8/22;7;NA;NA;
25;Aspa002_33;Rev10;137;18/8/22 13:31;24/8/22 11:00;5.895324074;18/8/22;24/8/22;6;TRUE;NA;
26;Aspa003_34;Rev10;535;18/8/20 13:29;19/8/20 12:14;0.948055556;18/8/22;24/8/22;6;NA;NA;
27;Aspa011_28;Rev10;582;7/1/18 23:11;12/1/18 3:20;4.173101852;18/8/22;24/8/22;6;NA;NA;
28;Aspa012_29;Rev10;34;18/8/22 12:06;24/8/22 11:40;5.982199074;18/8/22;24/8/22;6;NA;NA;
29;Aspa013_30;Rev10;514;18/8/22 12:12;18/8/22 17:42;0.228611111;18/8/22;24/8/22;6;NA;NA;Ha grabado 555 videos pero hay nœmeros en la secuencia de los nombres que no est‡n y les da nombre hasta el 605
30;Aspa014_31;Rev10;42;18/8/22 12:09;24/8/22 11:43;5.981458333;18/8/22;24/8/22;6;NA;NA;
31;Aspa015_32;Rev10;555;18/8/22 12:23;19/8/22 16:33;1.173460648;18/8/22;24/8/22;6;TRUE;NA;
32;Aspa016_35;Rev10;114;18/8/22 11:27;24/8/22 9:55;5.935497685;18/8/22;24/8/22;6;NA;NA;
33;Aspa017_36;Rev10;553;18/8/22 11:28;19/8/22 13:13;1.072893519;18/8/22;24/8/22;6;NA;NA;
34;Aspa018_37;Rev10;606;18/8/22 11:30;22/8/22 13:29;4.082546296;18/8/22;24/8/22;6;NA;NA;
35;Aspa019_38;Rev10;513;31/12/17 23:01;1/1/18 5:06;0.253796296;18/8/22;24/8/22;6;TRUE;NA;
36;Aspa020_39;Rev10;264;18/8/22 11:34;18/8/22 14:25;0.118564815;18/8/22;24/8/22;6;NA;NA;
37;Aspa021_52;Rev10;532;18/8/22 13:10;19/8/22 15:46;1.108217593;18/8/22;24/8/22;6;NA;NA;
38;Aspa022_53;Rev10;583;18/8/22 13:21;21/8/22 14:40;3.054930556;18/8/22;24/8/22;6;NA;NA;
39;Aspa023_54;Rev10;531;18/8/22 13:26;19/8/22 12:59;0.981342593;18/8/22;24/8/22;6;NA;NA;
40;Aspa002_33;Rev11;68;24/8/22 11:01;31/8/22 11:00;6.999490741;24/8/22;31/8/22;7;TRUE;NA;
41;Aspa011_28;Rev11;544;24/8/22 23:44;27/8/22 6:13;2.270532407;24/8/22;31/8/22;7;NA;NA;
42;Aspa012_29;Rev11;57;24/8/22 11:41;31/8/22 11:30;6.992476852;24/8/22;31/8/22;7;NA;NA;
43;Aspa013_30;Rev11;559;24/8/22 11:42;24/8/22 18:58;0.302361111;24/8/22;31/8/22;7;NA;NA;
44;Aspa014_31;Rev11;42;24/8/22 11:44;31/8/22 11:34;6.992523148;24/8/22;31/8/22;7;NA;NA;
45;Aspa015_32;Rev11;562;24/8/22 11:56;25/8/22 15:45;1.158935185;24/8/22;31/8/22;7;NA;NA;
46;Aspa016_35;Rev11;81;24/8/22 9:55;31/8/22 9:46;6.993587963;24/8/22;31/8/22;7;NA;NA;
47;Aspa017_36;Rev11;562;24/8/22 9:56;25/8/22 13:14;1.137615741;24/8/22;31/8/22;7;NA;NA;
48;Aspa018_37;Rev11;549;24/8/22 9:58;31/8/22 9:47;6.992430556;24/8/22;31/8/22;7;NA;NA;
49;Aspa019_38;Rev11;545;24/8/22 9:59;25/8/22 12:40;1.111481481;24/8/22;31/8/22;7;NA;NA;
50;Aspa020_39;Rev11;334;24/8/22 10:00;24/8/22 14:28;0.186574074;24/8/22;31/8/22;7;NA;NA;
51;Aspa021_52;Rev11;529;24/8/22 11:07;25/8/22 14:43;1.150393519;24/8/22;31/8/22;7;NA;NA;
52;Aspa022_53;Rev11;322;24/8/22 13:00;31/8/22 11:05;6.920439815;24/8/22;31/8/22;7;NA;NA;
53;Aspa023_54;Rev11;553;24/8/22 11:30;25/8/22 16:27;1.20599537;24/8/22;31/8/22;7;NA;NA;
54;Aspa002_33;Rev12;445;31/8/22 11:03;8/9/22 12:08;8.045509259;31/8/22;8/9/22;8;TRUE;NA;
55;Aspa011_28;Rev12;574;31/8/22 11:00;4/9/22 4:09;3.7144444;31/8/22;8/9/22;8;NA;NA;
56;Aspa012_29;Rev12;45;31/8/22 14:11;8/9/22 12:41;7.937280093;31/8/22;8/9/22;8;NA;NA;
57;Aspa013_30;Rev12;552;31/8/22 11:36;1/9/22 13:43;1.088333333;31/8/22;8/9/22;8;NA;NA;
58;Aspa014_31;Rev12;17;31/8/22 11:34;8/9/22 12:46;8.05;31/8/22;8/9/22;8;NA;NA;
59;Aspa015_32;Rev12;551;31/8/22 11:38;31/8/22 18:32;0.287384259;31/8/22;8/9/22;8;NA;NA;
60;Aspa016_35;Rev12;64;31/8/22 9:47;8/9/22 10:22;8.024421296;31/8/22;8/9/22;8;NA;NA;
61;Aspa017_36;Rev12;1327;31/8/22 9:48;3/9/22 14:30;3.195555556;31/8/22;8/9/22;8;NA;NA;
62;Aspa018_37;Rev12;595;31/8/22 9:49;6/9/22 13:35;6.157037037;31/8/22;8/9/22;8;NA;NA;
63;Aspa019_38;Rev12;589;31/8/22 9:56;3/9/22 14:34;3.193032407;31/8/22;8/9/22;8;NA;NA;
64;Aspa020_39;Rev12;388;31/8/22 9:52;31/8/22 15:08;0.219861111;31/8/22;8/9/22;8;NA;NA;
65;Aspa021_52;Rev12;495;31/8/22 11:07;1/9/22 12:15;1.047083333;31/8/22;8/9/22;8;NA;NA;
66;Aspa022_53;Rev12;564;31/8/22 12:24;8/9/22 12:14;7.992662037;31/8/22;8/9/22;8;NA;NA;
67;Aspa023_54;Rev12;552;31/8/22 11:14;2/9/22 14:06;2.119837963;31/8/22;8/9/22;8;NA;NA;
68;Aspa002_33;Rev13;118;8/9/22 12:10;14/9/22 12:16;6.004375;8/9/22;14/9/22;6;TRUE;NA;
69;Aspa011_28;Rev13;343;9/9/22 12:39;15/9/22 11:54;5.968773148;8/9/22;14/9/22;6;NA;NA;
70;Aspa012_29;Rev13;47;8/9/22 12:41;14/9/22 11:56;5.968796296;8/9/22;14/9/22;6;NA;NA;
71;Aspa013_30;Rev13;584;8/9/22 12:45;9/9/22 16:15;1.145462963;8/9/22;14/9/22;6;NA;NA;
72;Aspa014_31;Rev13;14;8/9/22 12:47;14/9/22 12:00;5.966782407;8/9/22;14/9/22;6;NA;NA;
73;Aspa015_32;Rev13;565;8/9/22 12:55;9/9/22 14:37;1.070671296;8/9/22;14/9/22;6;NA;NA;
74;Aspa016_35;Rev13;147;8/9/22 10:23;14/9/22 9:23;5.958402778;8/9/22;14/9/22;6;NA;NA;
75;Aspa017_36;Rev13;575;8/9/22 10:26;10/9/22 12:15;2.075671296;8/9/22;14/9/22;6;NA;NA;
76;Aspa018_37;Rev13;590;8/9/22 10:27;11/9/22 13:20;3.120300926;8/9/22;14/9/22;6;NA;NA;
77;Aspa019_38;Rev13;595;8/9/22 10:33;13/9/22 16:05;5.230555556;8/9/22;14/9/22;6;NA;NA;
78;Aspa020_61;Rev13;764;8/9/22 22:52;14/9/22 21:23;5.938217593;8/9/22;14/9/22;6;TRUE;NA;
79;Aspa021_52;Rev13;504;8/9/22 12:14;9/9/22 12:06;0.993888889;8/9/22;14/9/22;6;NA;NA;
80;Aspa022_53;Rev13;156;8/9/22 12:16;14/9/22 12:20;6.002800926;8/9/22;14/9/22;6;NA;NA;
81;Aspa023_54;Rev13;567;8/9/22 12:13;10/9/22 12:52;2.027615741;8/9/22;14/9/22;6;NA;NA;
82;Aspa002_33;Rev14;297;14/9/22 12:18;22/9/22 12:49;8.021967593;14/9/22;22/9/22;8;NA;NA;
83;Aspa011_28;Rev14;601;15/9/22 11:56;18/9/22 14:30;3.107476852;14/9/22;22/9/22;8;NA;NA;
84;Aspa012_29;Rev14;66;14/9/22 11:58;22/9/22 14:36;8.109560185;14/9/22;22/9/22;8;NA;NA;
85;Aspa013_30;Rev14;486;14/9/22 12:00;14/9/22 17:23;0.223981481;14/9/22;22/9/22;8;NA;NA;
86;Aspa014_31;Rev14;73;14/9/22 12:58;22/9/22 14:37;8.068819444;14/9/22;22/9/22;8;NA;NA;
87;Aspa015_32;Rev14;592;14/9/22 12:05;16/9/22 16:57;2.202939815;14/9/22;22/9/22;8;NA;NA;
88;Aspa016_35;Rev14;142;14/9/22 9:24;22/9/22 9:41;8.011875;14/9/22;22/9/22;8;NA;NA;
89;Aspa017_36;Rev14;589;14/9/22 9:24;15/9/22 16:04;1.277291667;14/9/22;22/9/22;8;NA;NA;
90;Aspa018_37;Rev14;599;31/12/17 23:00;5/1/18 5:31;4.271689815;14/9/22;22/9/22;8;TRUE;NA;
91;Aspa019_38;Rev14;581;14/9/22 9:29;17/9/22 15:45;3.261273148;14/9/22;22/9/22;8;NA;NA;
92;Aspa020_39;Rev14;459;14/9/22 10:57;14/9/22 21:25;0.43599537;14/9/22;22/9/22;8;NA;NA;
93;Aspa023_54;Rev14;2640;14/9/22 12:20;17/9/22 14:24;3.086296296;14/9/22;22/9/22;8;NA;NA;
94;Aspa011_28;Rev15;229;22/9/22 14:39;28/9/22 13:42;5.960208333;22/9/22;28/9/22;6;NA;NA;
95;Aspa012_29;Rev15;70;22/9/22 15:44;28/9/22 13:42;5.915555556;22/9/22;28/9/22;6;NA;NA;
96;Aspa013_30;Rev15;588;22/9/22 14:40;25/9/22 15:25;3.031574074;22/9/22;28/9/22;6;NA;NA;
97;Aspa014_31;Rev15;29;22/9/22 17:09;28/9/22 13:45;5.858032407;22/9/22;28/9/22;6;NA;NA;
98;Aspa015_32;Rev15;583;22/9/22 14:43;26/9/22 15:32;4.033865741;22/9/22;28/9/22;6;NA;NA;
99;Aspa016_35;Rev15;118;22/9/22 9:42;28/9/22 13:05;6.140601852;22/9/22;28/9/22;6;NA;NA;
100;Aspa017_36;Rev15;554;22/9/22 9:43;24/9/22 12:57;2.134456019;22/9/22;28/9/22;6;NA;NA;
101;Aspa018_37;Rev15;592;8/1/18 23:17;15/1/18 2:39;6.139953704;22/9/22;28/9/22;6;TRUE;NA;
102;Aspa019_38;Rev15;601;22/9/22 9:46;27/9/22 16:19;5.272893519;22/9/22;28/9/22;6;NA;NA;
103;Aspa020_39;Rev15;418;22/9/22 9:39;22/9/22 15:39;0.249768519;22/9/22;28/9/22;6;NA;NA;
104;Aspa011_28;Rev16;327;28/9/22 13:43;30/9/22 16:28;2.114652778;28/9/22;5/10/22;7;NA;NA;
105;Aspa012_29;Rev16;83;28/9/22 13:43;6/10/22 8:43;7.791631944;28/9/22;5/10/22;7;NA;NA;
106;Aspa013_30;Rev16;523;28/9/22 13:46;29/9/22 15:46;1.083657407;28/9/22;5/10/22;7;NA;NA;
107;Aspa014_31;Rev16;65;28/9/22 17:02;6/10/22 8:48;7.656898148;28/9/22;5/10/22;7;NA;NA;
108;Aspa015_32;Rev16;635;28/9/22 13:49;3/10/22 14:29;5.027685185;28/9/22;5/10/22;7;NA;NA;
109;Aspa016_35;Rev16;76;28/9/22 13:05;5/10/22 18:01;7.205046296;28/9/22;5/10/22;7;NA;NA;
110;Aspa017_36;Rev16;386;28/9/22 13:07;28/9/22 16:21;0.134259259;28/9/22;5/10/22;7;NA;NA;
111;Aspa018_37;Rev16;508;28/9/22 13:08;5/10/22 18:04;7.205648148;28/9/22;5/10/22;7;NA;NA;
112;Aspa019_38;Rev16;576;28/9/22 13:09;29/9/22 15:55;1.115138889;28/9/22;5/10/22;7;NA;NA;
113;Aspa020_61;Rev16;539;28/9/22 13:05;29/9/22 15:13;1.088587963;28/9/22;5/10/22;7;NA;NA;
114;Aspa011_28;Rev17;571;1/1/18 3:44;9/1/18 4:14;8.02087963;5/10/22;20/10/22;15;NA;NA;
115;Aspa012_29;Rev17;84;6/10/22 8:44;20/10/22 11:01;14.09516204;5/10/22;20/10/22;15;NA;NA;
116;Aspa013_30;Rev17;177;6/10/22 8:49;20/10/22 11:06;14.09527778;5/10/22;20/10/22;15;NA;NA;
117;Aspa014_31;Rev17;74;6/10/22 14:00;20/10/22 11:05;13.8781713;5/10/22;20/10/22;15;NA;NA;
118;Aspa015_32;Rev17;628;6/10/22 8:54;11/10/22 13:53;5.207488426;5/10/22;20/10/22;15;NA;NA;
119;Aspa016_35;Rev17;91;5/10/22 18:02;20/10/22 9:31;14.64532407;5/10/22;20/10/22;15;NA;NA;
120;Aspa017_36;Rev17;583;5/10/22 22:37;12/10/22 15:14;6.692291667;5/10/22;20/10/22;15;NA;NA;
121;Aspa018_37;Rev17;547;5/10/22 18:05;20/10/22 9:36;14.64648148;5/10/22;20/10/22;15;NA;NA;
122;Aspa019_38;Rev17;431;31/12/17 23:00;15/1/18 14:28;14.64424769;5/10/22;20/10/22;15;NA;NA;
123;Aspa020_39;Rev17;565;6/10/22 12:21;10/10/22 16:05;4.155393519;5/10/22;20/10/22;15;NA;NA;
124;Aspa011_28;Rev18;41;1/1/18 6:53;6/1/18 4:17;4.8915625;20/10/22;27/10/22;7;NA;NA;
125;Aspa014_31;Rev18;52;20/10/22 12:06;27/10/22 14:31;7.100231481;20/10/22;27/10/22;7;NA;NA;
126;Aspa015_32;Rev18;114;20/10/22 12:11;27/10/22 14:32;7.098125;20/10/22;27/10/22;7;NA;NA;
127;Aspa016_35;Rev18;9;20/10/22 10:33;27/10/22 9:50;6.969907407;20/10/22;27/10/22;7;NA;NA;
128;Aspa017_36;Rev18;14;20/10/22 10:35;27/10/22 9:51;6.969652778;20/10/22;27/10/22;7;NA;NA;
129;Aspa018_37;Rev18;58;21/10/22 13:35;27/10/22 9:53;5.846134259;20/10/22;27/10/22;7;NA;NA;
130;Aspa019_38;Rev18;68;20/10/22 10:40;27/10/22 9:55;6.968587963;20/10/22;27/10/22;7;NA;NA;
131;Aspa020_39;Rev18;235;20/10/22 10:35;27/10/22 9:49;6.96849537;20/10/22;27/10/22;7;TRUE;NA;
132;Aspa014_31;Rev19;22;27/10/22 14:31;3/11/22 15:24;7.078078704;27/10/22;3/11/22;7;NA;NA;
133;Aspa015_32;Rev19;156;27/10/22 14:33;3/11/22 15:26;7.078263889;27/10/22;3/11/22;7;NA;NA;
134;Aspa016_35;Rev19;23;27/10/22 9:50;3/11/22 10:25;7.065763889;27/10/22;3/11/22;7;NA;NA;
135;Aspa017_36;Rev19;342;27/10/22 9:52;3/11/22 10:27;7.065439815;27/10/22;3/11/22;7;NA;NA;
136;Aspa018_37;Rev19;61;27/10/22 9:54;3/11/22 10:30;7.066412037;27/10/22;3/11/22;7;NA;NA;
137;Aspa019_38;Rev19;457;27/10/22 9:56;3/11/22 10:35;7.068796296;27/10/22;3/11/22;7;NA;NA;
138;Aspa025_28;Rev19;30;27/10/22 9:56;29/10/22 20:06;2.4236574;27/10/22;3/11/22;7;TRUE;NA;
139;Aspa027_02;Rev19;86;27/10/22 15:34;3/11/22 10:25;6.826736111;27/10/22;3/11/22;7;NA;NA;
140;Aspa014_31;Rev20;35;3/11/22 15:24;9/11/22 14:15;5.951759259;3/11/22;9/11/22;6;NA;NA;
141;Aspa015_32;Rev20;459;3/11/22 15:28;9/11/22 14:18;5.951643519;3/11/22;9/11/22;6;NA;NA;
142;Aspa016_35;Rev20;17;3/11/22 10:30;9/11/22 10:54;6.017013889;3/11/22;9/11/22;6;NA;NA;
143;Aspa018_37;Rev20;57;3/11/22 13:01;9/11/22 10:58;5.914583333;3/11/22;9/11/22;6;NA;NA;
144;Aspa020_39;Rev20;149;3/11/22 10:31;9/11/22 10:54;6.016203704;3/11/22;9/11/22;6;NA;NA;
145;Aspa015_32;Rev21;129;9/11/22 14:19;15/11/22 10:44;5.850509259;9/11/22;15/11/22;6;NA;NA;
146;Aspa016_35;Rev21;15;9/11/22 10:56;15/11/22 16:24;6.227847222;9/11/22;15/11/22;6;NA;NA;
147;Aspa018_37;Rev21;45;9/11/22 11:01;15/11/22 16:26;6.225868056;9/11/22;15/11/22;6;NA;NA;
148;Aspa020_39;Rev21;76;9/11/22 10:56;15/11/22 16:21;6.225717593;9/11/22;15/11/22;6;NA;NA;
149;Aspa025_39;Rev21;9;9/11/22 10:00;14/11/22 12:51;5.118587963;9/11/22;15/11/22;6;NA;NA;
150;Aspa027_02;Rev21;39;9/11/22 10:57;15/11/22 16:25;6.227361111;9/11/22;15/11/22;6;NA;NA;
151;Aspa028_38;Rev21;58;9/11/22 11:06;15/11/22 16:31;6.225231481;9/11/22;15/11/22;6;NA;NA;
152;Aspa014_31;Rev22;37;15/11/22 10:40;25/11/22 12:56;10.09414352;15/11/22;25/11/22;10;NA;NA;
153;Aspa015_32;Rev22;207;15/11/22 10:44;25/11/22 12:59;10.09380787;15/11/22;25/11/22;10;NA;NA;
154;Aspa016_35;Rev22;7;15/11/22 16:25;25/11/22 10:33;9.755115741;15/11/22;25/11/22;10;NA;NA;
155;Aspa018_37;Rev22;34;15/11/22 16:27;25/11/22 10:35;9.755972222;15/11/22;25/11/22;10;NA;NA;
156;Aspa020_61;Rev22;59;16/11/22 10:57;25/11/22 10:32;8.982476852;15/11/22;25/11/22;10;NA;NA;
157;Aspa025_28;Rev22;48;15/11/22 15:31;25/11/22 9:37;9.754166667;15/11/22;25/11/22;10;NA;NA;
158;Aspa027_02;Rev22;32;15/11/22 23:21;25/11/22 10:33;9.466157407;15/11/22;25/11/22;10;NA;NA;
159;Aspa028_38;Rev22;56;15/11/22 16:31;25/11/22 10:41;9.756759259;15/11/22;25/11/22;10;NA;NA;
160;Aspa016_35;Rev23;14;25/11/22 10:34;30/11/22 10:59;5.017337963;25/11/22;30/11/22;5;NA;NA;
161;Aspa020_61;Rev23;195;25/11/22 10:33;30/11/22 10:55;5.015069444;25/11/22;30/11/22;5;NA;NA;
162;Aspa025_28;Rev23;29;25/11/22 9:40;30/11/22 10:04;5.016643519;25/11/22;30/11/22;5;NA;NA;
163;Aspa027_02;Rev23;24;25/11/22 10:34;30/11/22 10:59;5.017592593;25/11/22;30/11/22;5;NA;NA;
164;Aune002_34;Rev11;14;27/10/22 13:07;3/11/22 13:24;7.053634259;27/10/22;3/11/22;7;NA;;NA
165;Aune002_57;Rev11;48;27/10/22 13:09;3/11/22 13:25;7.052476852;27/10/22;3/11/22;7;NA;;NA
166;Aune008_56;Rev11;9;27/10/22 16:36;3/11/22 13:47;6.924189815;27/10/22;3/11/22;7;NA;;NA
167;Aune009_54;Rev11;63;27/10/22 12:32;3/11/22 13:39;7.088194444;27/10/22;3/11/22;7;NA;;NA
168;Aune002_34;Rev12;4;3/11/22 13:25;9/11/22 12:16;5.952106481;3/11/22;9/11/22;6;NA;;NA
169;Aune002_57;Rev12;47;3/11/22 13:28;9/11/22 12:19;5.951990741;3/11/22;9/11/22;6;NA;;NA
170;Aune008_56;Rev12;19;3/11/22 13:49;9/11/22 12:06;5.928888889;3/11/22;9/11/22;6;NA;;NA
171;Aune009_54;Rev12;51;3/11/22 13:40;9/11/22 12:05;5.934050926;3/11/22;9/11/22;6;NA;;NA
172;Aune010_62;Rev12;4;5/11/22 6:32;9/11/22 11:04;4.188819444;3/11/22;9/11/22;6;NA;;NA
173;Aune010_63;Rev12;147;3/11/22 2:54;8/11/22 23:06;5.841898148;3/11/22;9/11/22;6;NA;;NA
174;Aune011_64;Rev12;4;3/11/22 15:08;9/11/22 11:12;5.836388889;3/11/22;9/11/22;6;NA;;NA
175;Aune011_65;Rev12;13;3/11/22 15:06;9/11/22 11:10;5.836388889;3/11/22;9/11/22;6;TRUE;;NA
176;Aune012_66;Rev12;14;3/11/22 15:18;9/11/22 11:12;5.828935185;3/11/22;9/11/22;6;TRUE;;NA
177;Aune012_67;Rev12;25;11/3/22 15:18;17/3/22 11:11;5.82875;3/11/22;9/11/22;6;NA;;NA
178;Aune002_34;Rev13;7;10/11/22 13:41;15/11/22 15:00;5.055277778;9/11/22;15/11/22;6;NA;;NA
179;Aune002_57;Rev13;12;9/11/22 14:51;15/11/22 15:03;6.008287037;9/11/22;15/11/22;6;NA;;NA
180;Aune008_56;Rev13;31;9/11/22 12:09;15/11/22 14:54;6.114560185;9/11/22;15/11/22;6;NA;;NA
181;Aune009_54;Rev13;38;9/11/22 12:08;15/11/22 14:55;6.116087963;9/11/22;15/11/22;6;NA;;NA
182;Aune010_62;Rev13;9;9/11/22 11:07;15/11/22 13:51;6.114050926;9/11/22;15/11/22;6;NA;;NA
183;Aune010_63;Rev13;135;8/11/22 23:08;15/11/22 1:53;6.114722222;9/11/22;15/11/22;6;NA;;NA
184;Aune011_64;Rev13;2;15/11/22 10:41;15/11/22 13:58;0.136944444;9/11/22;15/11/22;6;NA;;NA
185;Aune011_65;Rev13;36;9/11/22 11:12;15/11/22 13:57;6.114560185;9/11/22;15/11/22;6;NA;;NA
186;Aune012_66;Rev13;178;9/11/22 11:14;15/11/22 13:56;6.112430556;9/11/22;15/11/22;6;NA;;NA
187;Aune012_67;Rev13;89;17/3/22 11:14;23/3/22 13:55;6.111203704;9/11/22;15/11/22;6;NA;;NA
188;Aune002_34;Rev14;8;18/11/22 10:42;25/11/22 14:42;7.166643519;15/11/22;25/11/22;10;NA;;NA
189;Aune002_57;Rev14;72;15/11/22 15:04;25/11/22 14:44;9.985856481;15/11/22;25/11/22;10;NA;;NA
190;Aune008_56;Rev14;48;15/11/22 14:55;25/11/22 14:36;9.986805556;15/11/22;25/11/22;10;NA;;NA
191;Aune009_54;Rev14;57;16/11/22 11:05;25/11/22 14:36;9.146412037;15/11/22;25/11/22;10;NA;;NA
192;Aune010_62;Rev14;39;15/11/22 13:53;25/11/22 13:36;9.987916667;15/11/22;25/11/22;10;NA;;NA
193;Aune010_63;Rev14;239;15/11/22 1:55;25/11/22 1:36;9.987430556;15/11/22;25/11/22;10;NA;;NA
194;Aune011_64;Rev14;4;15/11/22 14:01;25/11/22 10:13;9.84162037;15/11/22;25/11/22;10;NA;;NA
195;Aune011_65;Rev14;87;15/11/22 13:57;25/11/22 13:37;9.986087963;15/11/22;25/11/22;10;NA;;NA
196;Aune012_66;Rev14;24;15/11/22 13:57;25/11/22 13:38;9.986666667;15/11/22;25/11/22;10;NA;;NA
197;Aune012_67;Rev14;96;23/3/22 13:57;2/4/22 14:37;9.986111111;15/11/22;25/11/22;10;TRUE;;NA
198;Aune002_34;Rev15;9;25/11/22 14:43;7/12/22 13:14;11.93835648;25/11/22;7/12/22;12;NA;;NA
199;Aune002_57;Rev15;141;25/11/22 14:45;7/12/22 13:16;11.93784722;25/11/22;7/12/22;12;NA;;NA
200;Aune006_69;Rev15;124;25/11/22 15:19;7/12/22 12:56;11.90032407;25/11/22;7/12/22;12;NA;;NA
201;Aune008_56;Rev15;20;25/11/22 20:48;7/12/22 12:53;11.66988426;25/11/22;7/12/22;12;NA;;NA
202;Aune009_54;Rev15;62;25/11/22 19:19;7/12/22 12:51;11.73055556;25/11/22;7/12/22;12;NA;;NA
203;Aune010_62;Rev15;19;25/11/22 13:37;7/12/22 11:46;11.92289352;25/11/22;7/12/22;12;NA;;NA
204;Aune010_63;Rev15;169;25/11/22 2:06;6/12/22 23:48;11.904375;25/11/22;7/12/22;12;NA;Ha grabado 555 videos pero hay nœmeros en la secuencia de los nombres que no est‡n y les da nombre hasta el 605;NA
205;Aune011_64;Rev15;16;25/11/22 13:42;7/12/22 12:03;11.9312963;25/11/22;7/12/22;12;NA;;NA
206;Aune011_65;Rev15;181;25/11/22 13:39;7/12/22 12:00;11.93118056;25/11/22;7/12/22;12;NA;;NA
207;Aune012_66;Rev15;58;25/11/22 18:54;7/12/22 12:05;11.71576389;25/11/22;7/12/22;12;NA;;NA
208;Aune012_67;Rev15;164;2/4/22 14:40;14/4/22 13:03;11.93287037;25/11/22;7/12/22;12;NA;;NA
209;Aune013_36;Rev15;31;25/11/22 15:05;7/12/22 13:14;11.92298611;25/11/22;7/12/22;12;NA;;NA
210;Aune002_34;Rev16;4;7/12/22 13:15;16/12/22 14:25;9.048425926;7/12/22;16/12/22;9;NA;;NA
211;Aune002_57;Rev16;45;7/12/22 13:18;16/12/22 14:30;9.049675926;7/12/22;16/12/22;9;NA;;NA
212;Aune006_68;Rev16;29;1/1/20 0:02;10/1/20 1:10;9.047326389;7/12/22;16/12/22;9;TRUE;;NA
213;Aune006_69;Rev16;48;7/12/22 12:57;16/12/22 14:06;9.04775463;7/12/22;16/12/22;9;NA;;NA
214;Aune008_56;Rev16;130;7/12/22 12:54;16/12/22 14:11;9.053194444;7/12/22;16/12/22;9;NA;;NA
215;Aune009_54;Rev16;40;7/12/22 12:52;16/12/22 14:11;9.055231481;7/12/22;16/12/22;9;NA;;NA
216;Aune010_62;Rev16;3;7/12/22 11:47;16/12/22 13:10;9.057731481;7/12/22;16/12/22;9;NA;;NA
217;Aune011_64;Rev16;7;7/12/22 12:04;16/12/22 13:19;9.052013889;7/12/22;16/12/22;9;NA;;NA
218;Aune011_65;Rev16;41;7/12/22 12:02;16/12/22 13:17;9.052268519;7/12/22;16/12/22;9;NA;;NA
219;Aune012_66;Rev16;20;7/12/22 12:07;16/12/22 13:14;9.046967593;7/12/22;16/12/22;9;NA;;NA
220;Aune012_67;Rev16;44;14/4/22 13:05;23/4/22 14:13;9.0471875;7/12/22;16/12/22;9;NA;;NA
221;Aune013_36;Rev16;263;7/12/22 13:15;16/12/22 14:25;9.049236111;7/12/22;16/12/22;9;TRUE;;NA
222;Aune006_68;Rev17;7;16/12/22 16:11;21/12/22 13:48;4.900787037;16/12/22;21/12/22;5;NA;;NA
223;Aune006_69;Rev17;34;16/12/22 14:09;21/12/22 14:49;5.027615741;16/12/22;21/12/22;5;NA;;NA
224;Aune008_56;Rev17;5;16/12/22 14:50;21/12/22 14:51;5.000856481;16/12/22;21/12/22;5;NA;;NA
225;Aune009_54;Rev17;21;16/12/22 14:12;21/12/22 14:51;5.026736111;16/12/22;21/12/22;5;NA;;NA
226;Aune010_62;Rev17;7;16/12/22 14:25;21/12/22 13:45;4.97224537;16/12/22;21/12/22;5;NA;;NA
227;Aune010_63;Rev17;155;16/12/22 1:12;21/12/22 1:51;5.027222222;16/12/22;21/12/22;5;NA;;NA
228;Aune011_64;Rev17;13;16/12/22 13:20;21/12/22 13:54;5.023680556;16/12/22;21/12/22;5;NA;;NA
229;Aune011_65;Rev17;15;16/12/22 13:20;21/12/22 13:52;5.022384259;16/12/22;21/12/22;5;NA;;NA
230;Aune012_66;Rev17;54;16/12/22 13:18;21/12/22 13:52;5.023587963;16/12/22;21/12/22;5;NA;;NA
231;Aune012_67;Rev17;22;16/12/22 13:16;21/12/22 13:50;5.023773148;16/12/22;21/12/22;5;NA;;NA
232;Aune013_36;Rev17;45;16/12/22 13:27;21/12/22 14:00;5.022893519;16/12/22;21/12/22;5;NA;;NA
233;Aune019_34;Rev17;79;16/12/22 14:41;21/12/22 15:14;5.022893519;16/12/22;21/12/22;5;NA;;NA
234;Aune019_57;Rev17;77;16/12/22 13:39;21/12/22 14:14;5.023935185;16/12/22;21/12/22;5;NA;;NA
235;Aune006_68;Rev18;84;21/12/22 13:52;12/1/23 12:27;21.94087963;21/12/22;12/1/23;22;NA;;NA
236;Aune006_69;Rev18;86;21/12/22 14:51;12/1/23 13:24;21.93928241;21/12/22;12/1/23;22;NA;;NA
237;Aune009_54;Rev18;67;21/12/22 14:52;12/1/23 13:20;21.93597222;21/12/22;12/1/23;22;NA;;NA
238;Aune010_62;Rev18;17;21/12/22 13:51;12/1/23 12:15;21.93340278;21/12/22;12/1/23;22;NA;;NA
239;Aune010_63;Rev18;944;21/12/22 1:52;12/1/23 0:18;21.9343287;21/12/22;12/1/23;22;NA;;NA
240;Aune011_64;Rev18;16;21/12/22 13:56;12/1/23 12:24;21.93587963;21/12/22;12/1/23;22;NA;;NA
241;Aune011_65;Rev18;93;21/12/22 13:54;12/1/23 12:22;21.93662037;21/12/22;12/1/23;22;NA;;NA
242;Aune012_67;Rev18;117;21/12/22 13:54;12/1/23 12:20;21.93458333;21/12/22;12/1/23;22;NA;;NA
243;Aune013_36;Rev18;60;21/12/22 14:01;12/1/23 12:33;21.93902778;21/12/22;12/1/23;22;NA;;NA
244;Aune014_70;Rev18;79;21/12/22 13:29;12/1/23 11:58;21.93743056;21/12/22;12/1/23;22;NA;;NA
245;Aune014_71;Rev18;226;21/12/22 22:26;10/1/23 3:08;19.19606481;21/12/22;12/1/23;22;NA;;NA
246;Aune015_72;Rev18;19;21/12/22 12:31;12/1/23 10:54;21.9330787;21/12/22;12/1/23;22;NA;;NA
247;Aune015_73;Rev18;34;21/12/22 12:29;12/1/23 10:55;21.93511574;21/12/22;12/1/23;22;NA;;NA
248;Aune016_24;Rev18;323;1/1/20 0:04;22/1/20 22:19;21.92724537;21/12/22;12/1/23;22;NA;;NA
249;Aune017_03;Rev18;435;21/12/22 13:41;8/1/23 21:22;18.3206713;21/12/22;12/1/23;22;TRUE;;NA
250;Aune017_61;Rev18;129;21/12/22 13:35;12/1/23 12:03;21.9362037;21/12/22;12/1/23;22;NA;;NA
251;Aune018_56;Rev18;214;21/12/22 14:52;12/1/23 13:36;21.94743056;21/12/22;12/1/23;22;NA;;NA
252;Aune018_66;Rev18;32;21/12/22 14:05;11/1/23 15:25;21.0555787;21/12/22;12/1/23;22;NA;;NA
253;Aune019_34;Rev18;562;21/12/22 15:15;8/1/23 16:30;18.0518287;21/12/22;12/1/23;22;NA;;NA
254;Aune019_57;Rev18;376;21/12/22 14:17;12/1/23 12:29;21.92506944;21/12/22;12/1/23;22;NA;;NA
255;Aune006_68;Rev19;14;12/1/23 12:28;19/1/23 11:02;6.940023148;12/1/23;19/1/23;7;NA;;NA
256;Aune006_69;Rev19;11;12/1/23 14:40;19/1/23 11:58;6.887083333;12/1/23;19/1/23;7;NA;;NA
257;Aune009_54;Rev19;21;12/1/23 13:25;19/1/23 11:57;6.938703704;12/1/23;19/1/23;7;NA;;NA
258;Aune010_62;Rev19;22;12/1/23 12:18;19/1/23 10:51;6.939513889;12/1/23;19/1/23;7;NA;;NA
259;Aune010_63;Rev19;137;12/1/23 0:19;18/1/23 22:52;6.939398148;12/1/23;19/1/23;7;NA;;NA
260;Aune015_72;Rev19;1;19/1/23 9:57;19/1/23 9:57;0;12/1/23;19/1/23;7;NA;;NA
261;Aune015_73;Rev19;4;12/1/23 10:57;19/1/23 9:58;6.959050926;12/1/23;19/1/23;7;NA;;NA
262;Aune017_03;Rev19;456;12/1/23 12:12;18/1/23 15:16;6.127592593;12/1/23;19/1/23;7;NA;;NA
263;Aune017_61;Rev19;487;12/1/23 12:06;18/1/23 16:25;6.179837963;12/1/23;19/1/23;7;NA;;NA
264;Aune018_56;Rev19;35;12/1/23 13:38;19/1/23 12:07;6.93650463;12/1/23;19/1/23;7;NA;;NA
265;Aune018_66;Rev19;3;12/1/23 12:32;19/1/23 10:59;6.935787037;12/1/23;19/1/23;7;NA;;NA
266;Aune019_34;Rev19;30;12/1/23 16:10;19/1/23 12:00;6.826967593;12/1/23;19/1/23;7;NA;;NA
267;Aune019_57;Rev19;22;12/1/23 12:33;19/1/23 11:02;6.936805556;12/1/23;19/1/23;7;NA;;NA
268;Aune006_68;Rev20;110;19/1/23 11:03;26/1/23 12:39;7.066481481;19/1/23;26/1/23;7;NA;;NA
269;Aune006_69;Rev20;35;19/1/23 12:00;26/1/23 13:35;7.066412037;19/1/23;26/1/23;7;NA;;NA
270;Aune009_54;Rev20;31;19/1/23 11:58;26/1/23 13:34;7.06650463;19/1/23;26/1/23;7;NA;;NA
271;Aune010_62;Rev20;12;19/1/23 10:53;26/1/23 12:26;7.064884259;19/1/23;26/1/23;7;NA;;NA
272;Aune010_63;Rev20;152;18/1/23 22:54;26/1/23 0:29;7.066273148;19/1/23;26/1/23;7;NA;;NA
273;Aune015_72;Rev20;6;19/1/23 10:00;26/1/23 11:18;7.054282407;19/1/23;26/1/23;7;NA;;NA
274;Aune015_73;Rev20;14;19/1/23 10:00;26/1/23 11:18;7.054074074;19/1/23;26/1/23;7;NA;;NA
275;Aune017_03;Rev20;225;19/1/23 10:59;26/1/23 12:27;7.060925926;19/1/23;26/1/23;7;NA;;NA
276;Aune017_61;Rev20;325;19/1/23 10:53;26/1/23 12:21;7.06099537;19/1/23;26/1/23;7;NA;;NA
277;Aune018_56;Rev20;28;19/1/23 12:09;26/1/23 13:43;7.06537037;19/1/23;26/1/23;7;NA;;NA
278;Aune018_66;Rev20;4;23/1/23 11:51;25/1/23 9:13;1.890115741;19/1/23;26/1/23;7;NA;;NA
279;Aune019_34;Rev20;31;19/1/23 12:01;26/1/23 13:43;7.070787037;19/1/23;26/1/23;7;NA;;NA
280;Aune019_57;Rev20;11;19/1/23 11:03;26/1/23 12:43;7.069444444;19/1/23;26/1/23;7;NA;;NA
281;Aune006_68;Rev21;61;26/1/23 12:41;2/2/23 11:49;6.963657407;19/1/23;26/1/23;7;NA;;NA
282;Aune006_69;Rev21;29;26/1/23 13:37;2/2/23 12:43;6.962569444;26/1/23;2/2/23;7;NA;;NA
283;Aune009_54;Rev21;25;26/1/23 13:36;2/2/23 12:43;6.963240741;26/1/23;2/2/23;7;NA;;NA
284;Aune010_62;Rev21;8;26/1/23 12:29;2/2/23 11:33;6.961064815;26/1/23;2/2/23;7;NA;;NA
285;Aune010_63;Rev21;121;26/1/23 0:30;1/2/23 23:35;6.961736111;26/1/23;2/2/23;7;NA;;NA
286;Aune017_03;Rev21;194;26/1/23 12:29;2/2/23 11:05;6.941643519;26/1/23;2/2/23;7;NA;;NA
287;Aune017_61;Rev21;116;26/1/23 12:23;2/2/23 10:58;6.94087963;26/1/23;2/2/23;7;NA;;NA
288;Aune018_56;Rev21;26;26/1/23 13:44;2/2/23 12:53;6.964583333;26/1/23;2/2/23;7;NA;;NA
289;Aune018_66;Rev21;2;26/1/23 12:36;2/2/23 11:45;6.964375;26/1/23;2/2/23;7;NA;;NA
290;Aune019_34;Rev21;49;26/1/23 13:45;2/2/23 12:48;6.960462963;26/1/23;2/2/23;7;NA;;NA
291;Aune019_57;Rev21;17;26/1/23 12:47;1/2/23 18:34;6.241180556;26/1/23;2/2/23;7;NA;;NA
292;Aune017_03;Rev22;94;2/2/23 11:06;8/2/23 14:05;6.12400463;2/2/23;8/2/23;6;NA;;NA
293;Aune017_61;Rev22;70;2/2/23 10:59;8/2/23 13:58;6.124212963;2/2/23;8/2/23;6;NA;;NA
294;Mcom001_29;Rev13;57;20/10/22 11:28;27/10/22 13:06;7.067708333;20/10/22;27/10/22;7;NA;NA;NA
295;Mcom001_30;Rev13;9;20/10/22 11:27;27/10/22 3:54;6.685717593;20/10/22;27/10/22;7;NA;NA;NA
296;Mcom002_33;Rev13;115;20/10/22 11:45;27/10/22 13:12;7.060798611;20/10/22;27/10/22;7;NA;NA;NA
297;Mcom001_29;Rev14;15;27/10/22 21:44;3/11/22 15:00;6.761180556;27/10/22;3/11/22;7;NA;NA;NA
298;Mcom001_30;Rev14;11;27/10/22 21:39;3/11/22 15:04;6.767708333;27/10/22;3/11/22;7;NA;NA;NA
299;Mcom002_33;Rev14;519;27/10/22 14:14;1/11/22 17:43;5.186712963;27/10/22;3/11/22;7;NA;NA;NA
300;Mcom004_58;Rev14;297;27/10/22 14:03;3/11/22 14:39;7.066782407;27/10/22;3/11/22;7;NA;NA;NA
301;Mcom001_29;Rev15;19;3/11/22 16:38;9/11/22 14:03;5.892314815;3/11/22;9/11/22;6;NA;NA;NA
302;Mcom001_30;Rev15;97;3/11/22 15:06;9/11/22 14:05;5.958101852;3/11/22;9/11/22;6;NA;NA;NA
303;Mcom002_33;Rev15;434;3/11/22 17:44;5/11/22 16:12;1.936412037;3/11/22;9/11/22;6;NA;NA;NA
304;Mcom004_58;Rev15;220;3/11/22 14:50;9/11/22 13:52;5.960069444;3/11/22;9/11/22;6;NA;NA;NA
305;Mcom001_29;Rev16;14;9/11/22 14:04;15/11/22 10:24;5.846898148;9/11/22;15/11/22;6;NA;NA;NA
306;Mcom001_30;Rev16;38;9/11/22 14:07;15/11/22 10:26;5.846898148;9/11/22;15/11/22;6;NA;NA;NA
307;Mcom002_33;Rev16;428;9/11/22 14:09;14/11/22 16:31;5.098888889;9/11/22;15/11/22;6;NA;NA;NA
308;Mcom004_58;Rev16;439;9/11/22 13:54;15/11/22 15:21;6.060462963;9/11/22;15/11/22;6;NA;NA;NA
309;Mcom001_29;Rev17;42;15/11/22 10:32;24/11/22 14:15;9.154490741;15/11/22;25/11/22;10;NA;NA;NA
310;Mcom001_30;Rev17;19;15/11/22 10:27;25/11/22 12:47;10.09662037;15/11/22;25/11/22;10;NA;NA;NA
311;Mcom002_33;Rev17;490;15/11/22 11:53;17/11/22 16:46;2.20400463;15/11/22;25/11/22;10;NA;NA;NA
312;Mcom004_58;Rev17;475;15/11/22 15:23;18/11/22 17:13;3.076435185;15/11/22;25/11/22;10;NA;NA;NA
313;Mcom001_29;Rev18;313;26/11/22 11:02;6/12/22 17:21;10.26347222;25/11/22;7/12/22;12;NA;NA;NA
314;Mcom001_30;Rev18;7;28/11/22 3:03;6/12/22 12:46;8.404930556;25/11/22;7/12/22;12;NA;NA;NA
315;Mcom002_33;Rev18;188;25/11/22 12:55;6/12/22 15:50;11.12131944;25/11/22;7/12/22;12;NA;NA;NA
316;Mcom003_20;Rev18;65;25/11/22 21:01;7/12/22 11:34;11.60608796;25/11/22;7/12/22;12;NA;NA;NA
317;Mcom004_58;Rev18;19;25/11/22 13:45;4/12/22 15:05;9.055787037;25/11/22;7/12/22;12;NA;NA;NA
318;Mcom005_13;Rev18;262;25/11/22 12:12;3/12/22 12:27;8.010231481;25/11/22;7/12/22;12;NA;NA;NA
319;Mcom010_01;Rev18;9;25/11/22 12:06;7/12/22 11:43;11.98402778;25/11/22;7/12/22;12;NA;NA;NA
320;Mcom001_29;Rev19;61;8/12/22 6:47;16/12/22 11:03;8.177418981;7/12/22;16/12/22;9;NA;NA;NA
321;Mcom001_30;Rev19;8;9/12/22 9:18;16/12/22 11:01;7.071203704;7/12/22;16/12/22;9;NA;NA;NA
322;Mcom002_33;Rev19;277;7/12/22 13:51;16/12/22 11:10;8.888263889;7/12/22;16/12/22;9;NA;NA;NA
323;Mcom003_20;Rev19;6;10/12/22 12:47;16/12/22 11:50;5.960439815;7/12/22;16/12/22;9;NA;NA;NA
324;Mcom004_58;Rev19;88;7/12/22 11:34;16/12/22 11:55;9.014884259;7/12/22;16/12/22;9;NA;NA;NA
325;Mcom005_13;Rev19;282;8/12/22 7:05;16/12/22 12:05;8.208287037;7/12/22;16/12/22;9;NA;NA;NA
326;Mcom010_01;Rev19;103;9/12/22 12:58;16/12/22 12:08;6.965694444;7/12/22;16/12/22;9;NA;NA;NA
327;Mcom001_30;Rev20;17;20/12/22 12:08;20/12/22 13:31;0.057662037;16/12/22;21/12/22;5;NA;NA;NA
328;Mcom002_33;Rev20;225;16/12/22 11:17;21/12/22 11:29;5.008206019;16/12/22;21/12/22;5;NA;NA;NA
329;Mcom003_20;Rev20;12;16/12/22 11:52;21/12/22 11:53;5.00099537;16/12/22;21/12/22;5;NA;NA;NA
330;Mcom004_58;Rev20;67;16/12/22 13:22;21/12/22 11:53;4.938587963;16/12/22;21/12/22;5;NA;NA;NA
331;Mcom005_13;Rev20;114;16/12/22 12:06;21/12/22 12:06;4.999814815;16/12/22;21/12/22;5;NA;NA;NA
332;Mcom007_30;Rev20;6;16/12/22 11:32;21/12/22 11:26;4.99587963;16/12/22;21/12/22;5;NA;NA;NA
333;Mcom010_01;Rev20;5;16/12/22 17:26;21/12/22 12:09;4.77962963;16/12/22;21/12/22;5;NA;NA;NA
334;Mcom001_29;Rev21;52;25/12/22 12:59;11/1/23 11:24;16.93356481;21/12/22;12/1/23;22;NA;NA;NA
335;Mcom002_33;Rev21;28;21/12/22 11:30;12/1/23 9:59;21.93666667;21/12/22;12/1/23;22;NA;NA;NA
336;Mcom003_20;Rev21;72;21/12/22 14:28;12/1/23 10:35;21.8380787;21/12/22;12/1/23;22;NA;NA;NA
337;Mcom004_58;Rev21;188;21/12/22 12:02;12/1/23 10:38;21.94162037;21/12/22;12/1/23;22;NA;NA;NA
338;Mcom005_13;Rev21;133;25/12/22 12:52;9/1/23 12:31;14.98571759;21/12/22;12/1/23;22;NA;NA;NA
339;Mcom010_01;Rev21;97;21/12/22 12:10;12/1/23 10:51;21.94483796;21/12/22;12/1/23;22;NA;NA;NA
340;Mcom001_29;Rev22;295;12/1/23 11:54;18/1/23 19:42;6.325185185;12/1/23;19/1/23;7;NA;NA;NA
341;Mcom003_20;Rev22;64;12/1/23 23:31;19/1/23 10:04;6.439375;12/1/23;19/1/23;7;NA;NA;NA
342;Mcom004_58;Rev22;26;12/1/23 10:40;18/1/23 21:56;6.46974537;12/1/23;19/1/23;7;NA;NA;NA
343;Mcom005_13;Rev22;445;12/1/23 11:51;17/1/23 17:49;5.248726852;12/1/23;19/1/23;7;NA;NA;NA
344;Mcom007_30;Rev22;29;12/1/23 10:04;19/1/23 9:53;6.992361111;12/1/23;19/1/23;7;NA;NA;NA
345;Mcom010_01;Rev22;387;12/1/23 10:55;19/1/23 10:13;6.970416667;12/1/23;19/1/23;7;NA;NA;NA
346;Mcom012_33;Rev22;540;12/1/23 12:34;18/1/23 17:22;6.200162037;12/1/23;19/1/23;7;NA;NA;NA
347;Mcom001_29;Rev23;577;19/1/23 13:18;24/1/23 16:06;5.116782407;19/1/23;26/1/23;7;NA;NA;NA
348;Mcom003_20;Rev23;218;19/1/23 10:09;26/1/23 10:40;7.021666667;19/1/23;26/1/23;7;NA;NA;NA
349;Mcom004_58;Rev23;23;22/1/23 16:20;25/1/23 16:50;3.020324074;19/1/23;26/1/23;7;NA;NA;NA
350;Mcom005_13;Rev23;388;19/1/23 10:13;26/1/23 10:55;7.029189815;19/1/23;26/1/23;7;NA;NA;NA
351;Mcom007_30;Rev23;33;19/1/23 9:53;26/1/23 10:08;7.010208333;19/1/23;26/1/23;7;NA;NA;NA
352;Mcom010_01;Rev23;430;19/1/23 10:14;20/1/23 12:18;1.086296296;19/1/23;26/1/23;7;NA;NA;NA
353;Mcom012_33;Rev23;542;19/1/23 9:56;22/1/23 15:39;3.238611111;19/1/23;26/1/23;7;NA;NA;NA
354;Mcom001_29;Rev24;228;26/1/23 10:04;2/2/23 9:58;6.995486111;26/1/23;2/2/23;7;NA;NA;NA
355;Mcom003_20;Rev24;122;26/1/23 11:28;2/2/23 10:20;6.952800926;26/1/23;2/2/23;7;NA;NA;NA
356;Mcom004_58;Rev24;24;27/1/23 16:41;29/1/23 14:53;1.925023148;26/1/23;2/2/23;7;NA;NA;NA
357;Mcom005_13;Rev24;261;26/1/23 10:56;2/2/23 10:28;6.980555556;26/1/23;2/2/23;7;NA;NA;NA
358;Mcom007_30;Rev24;9;26/1/23 10:10;31/1/23 16:00;5.243449074;26/1/23;2/2/23;7;NA;NA;NA
359;Mcom012_33;Rev24;559;26/1/23 10:16;30/1/23 17:46;4.312569444;26/1/23;2/2/23;7;NA;NA;NA
360;Mcom001_29;Rev25;7;2/2/23 10:00;8/2/23 11:46;6.073449074;26/1/23;2/2/23;7;NA;NA;NA
361;Mcom003_20;Rev25;167;2/2/23 10:21;8/2/23 12:47;6.101296296;2/2/23;8/2/23;6;NA;NA;NA
362;Mcom004_58;Rev25;182;2/2/23 11:33;8/2/23 12:48;6.052268519;2/2/23;8/2/23;6;NA;NA;NA
363;Mcom005_13;Rev25;59;2/2/23 10:29;8/2/23 12:50;6.097685185;2/2/23;8/2/23;6;NA;NA;NA
364;Mcom011_30;Rev25;48;2/2/23 10:06;8/2/23 11:53;6.0740625;2/2/23;8/2/23;6;NA;NA;NA
365;Mcom012_33;Rev25;302;2/2/23 10:09;8/2/23 11:55;6.074212963;2/2/23;8/2/23;6;NA;NA;NA
366;Oeur011_08;Rev06;29;22/9/22 11:35;28/9/22 11:38;6.002476852;22/9/22;28/9/22;6;NA;NA;NA
367;Oeur012_09;Rev06;5;22/9/22 11:41;28/9/22 11:44;6.002152778;22/9/22;28/9/22;6;NA;NA;NA
368;Oeur011_08;Rev07;204;28/9/22 11:40;5/10/22 18:32;7.285833333;28/9/22;5/10/22;NA;NA;NA;NA
369;Oeur012_09;Rev07;198;28/9/22 11:45;3/10/22 14:56;5.1325;28/9/22;5/10/22;NA;NA;NA;NA
370;Oeur011_08;Rev08;485;5/10/22 18:33;14/10/22 13:31;8.790324074;5/10/22;20/10/22;15;NA;NA;NA
371;Oeur012_09;Rev08;53;7/10/22 13:07;20/10/22 2:33;12.56020833;5/10/22;20/10/22;15;NA;NA;NA
372;Oeur011_08;Rev09;33;20/10/22 14:32;27/10/22 9:52;6.805763889;20/10/22;27/10/22;7;NA;NA;NA
373;Oeur012_09;Rev09;7;22/10/22 14:02;27/10/22 10:33;4.855208333;20/10/22;27/10/22;7;NA;NA;NA
374;Oeur011_08;Rev10;207;27/10/22 10:55;3/11/22 12:16;7.097962963;27/10/22;3/11/22;7;NA;NA;NA
375;Oeur012_09;Rev10;91;27/10/22 11:35;3/11/22 12:27;7.078032407;27/10/22;3/11/22;7;NA;NA;NA
376;Oeur013_05;Rev10;63;27/10/22 10:58;3/11/22 12:58;7.125393519;27/10/22;3/11/22;7;TRUE;NA;NA
377;Oeur014_06;Rev10;37;27/10/22 11:10;3/11/22 12:22;7.091342593;27/10/22;3/11/22;7;TRUE;NA;NA
378;Oeur016_60;Rev10;19;27/10/22 15:38;3/11/22 12:34;6.913773148;27/10/22;3/11/22;7;NA;NA;NA
379;Oeur017_27;Rev10;76;27/10/22 11:28;3/11/22 12:37;7.089884259;27/10/22;3/11/22;7;NA;NA;NA
380;Oeur018_19;Rev10;33;27/10/22 11:26;3/11/22 12:40;7.09287037;27/10/22;3/11/22;7;NA;NA;NA
381;Oeur019_23;Rev10;2;27/10/22 21:42;3/11/22 12:43;6.667291667;27/10/22;3/11/22;7;NA;NA;NA
382;Oeur020_59;Rev10;36;27/10/22 11:50;3/11/22 12:52;7.084699074;27/10/22;3/11/22;7;NA;NA;NA
383;Oeur021_55;Rev10;16;27/10/22 11:51;3/11/22 12:55;7.086550926;27/10/22;3/11/22;7;TRUE;NA;NA
384;Oeur011_08;Rev11;36;3/11/22 15:38;7/11/22 22:56;4.304166667;3/11/22;9/11/22;6;NA;NA;NA
385;Oeur012_09;Rev11;57;3/11/22 12:28;8/11/22 12:20;4.994166667;3/11/22;9/11/22;6;NA;NA;NA
386;Oeur013_05;Rev11;49;3/11/22 13:00;9/11/22 11:28;5.936203704;3/11/22;9/11/22;6;NA;NA;NA
387;Oeur014_06;Rev11;25;3/11/22 12:26;9/11/22 11:30;5.96087963;3/11/22;9/11/22;6;NA;NA;NA
388;Oeur015_04;Rev11;17;3/11/22 16:29;9/11/22 11:37;5.797291667;3/11/22;9/11/22;6;NA;NA;NA
389;Oeur016_60;Rev11;12;4/11/22 9:15;9/11/22 11:33;5.096018519;3/11/22;9/11/22;6;TRUE;NA;NA
390;Oeur017_27;Rev11;76;3/11/22 12:38;9/11/22 11:33;5.954953704;3/11/22;9/11/22;6;NA;NA;NA
391;Oeur018_19;Rev11;6;3/11/22 12:43;9/11/22 11:41;5.956851852;3/11/22;9/11/22;6;NA;NA;NA
392;Oeur019_23;Rev11;4;3/11/22 12:50;9/11/22 11:42;5.952546296;3/11/22;9/11/22;6;NA;NA;NA
393;Oeur20_59;Rev11;48;3/11/22 12:54;9/11/22 11:43;5.95125;3/11/22;9/11/22;6;NA;NA;NA
394;Oeur21_55;Rev11;13;4/11/22 10:01;9/11/22 11:48;5.07474537;3/11/22;9/11/22;6;NA;NA;NA
395;Oeur011_08;Rev12;458;9/11/22 11:49;15/11/22 17:00;6.215532407;9/11/22;15/11/22;6;NA;NA;NA
396;Oeur013_05;Rev12;38;9/11/22 11:29;15/11/22 16:59;6.228680556;9/11/22;15/11/22;6;NA;NA;NA
397;Oeur014_06;Rev12;22;9/11/22 11:31;15/11/22 17:01;6.229166667;9/11/22;15/11/22;6;NA;NA;NA
398;Oeur015_04;Rev12;36;9/11/22 11:38;15/11/22 17:04;6.226921296;9/11/22;15/11/22;6;NA;NA;NA
399;Oeur016_60;Rev12;20;9/11/22 11:35;15/11/22 16:09;6.190810185;9/11/22;15/11/22;6;NA;NA;NA
400;Oeur017_27;Rev12;125;9/11/22 11:35;15/11/22 17:02;6.22724537;9/11/22;15/11/22;6;NA;NA;NA
401;Oeur018_19;Rev12;22;9/11/22 11:42;15/11/22 17:04;6.22349537;9/11/22;15/11/22;6;NA;NA;NA
402;Oeur019_23;Rev12;3;9/11/22 11:43;15/11/22 17:06;6.224305556;9/11/22;15/11/22;6;NA;NA;NA
403;Oeur020_59;Rev12;41;9/11/22 11:46;15/11/22 17:08;6.22349537;9/11/22;15/11/22;6;NA;NA;NA
404;Oeur021_55;Rev12;16;9/11/22 20:38;15/11/22 17:09;5.854907407;9/11/22;15/11/22;6;NA;NA;NA
405;Oeur011_08;Rev13;214;15/11/22 17:01;25/11/22 15:30;9.936736111;15/11/22;25/11/22;10;NA;NA;NA
406;Oeur013_05;Rev13;117;15/11/22 17:00;25/11/22 15:28;9.936226852;15/11/22;25/11/22;10;NA;NA;NA
407;Oeur014_06;Rev13;31;16/11/22 10:54;25/11/22 15:34;9.194166667;15/11/22;25/11/22;10;NA;NA;NA
408;Oeur015_04;Rev13;35;16/11/22 12:19;25/11/22 15:37;9.137662037;15/11/22;25/11/22;10;NA;NA;NA
409;Oeur016_60;Rev13;34;15/11/22 17:03;25/11/22 14:30;9.894143519;15/11/22;25/11/22;10;NA;NA;NA
410;Oeur017_27;Rev13;99;16/11/22 0:50;25/11/22 15:35;9.614652778;15/11/22;25/11/22;10;NA;NA;NA
411;Oeur018_19;Rev13;29;15/11/22 17:05;25/11/22 15:39;9.939953704;15/11/22;25/11/22;10;NA;NA;NA
412;Oeur019_23;Rev13;9;15/11/22 17:07;25/11/22 15:41;9.940046296;15/11/22;25/11/22;10;NA;NA;NA
413;Oeur020_59;Rev13;25;15/11/22 17:09;25/11/22 15:43;9.93974537;15/11/22;25/11/22;10;NA;NA;NA
414;Oeur021_55;Rev13;53;15/11/22 17:10;25/11/22 15:44;9.939930556;15/11/22;25/11/22;10;NA;NA;NA
415;Oeur011_08;Rev14;277;25/11/22 15:36;26/11/22 15:37;1.000416667;25/11/22;7/12/22;12;NA;NA;NA
416;Oeur013_05;Rev14;164;25/11/22 15:34;7/12/22 12:17;11.86277778;25/11/22;7/12/22;12;NA;NA;NA
417;Oeur014_06;Rev14;5;27/11/22 19:49;7/12/22 12:20;9.688703704;25/11/22;7/12/22;12;NA;NA;NA
418;Oeur015_04;Rev14;23;25/11/22 15:41;7/12/22 12:25;11.86393519;25/11/22;7/12/22;12;NA;NA;NA
419;Oeur016_60;Rev14;31;25/11/22 15:37;6/12/22 17:11;11.06541667;25/11/22;7/12/22;12;NA;NA;NA
420;Oeur017_27;Rev14;84;25/11/22 15:38;7/12/22 12:24;11.86553241;25/11/22;7/12/22;12;NA;NA;NA
421;Oeur018_19;Rev14;72;25/11/22 15:40;7/12/22 12:26;11.86571759;25/11/22;7/12/22;12;NA;NA;NA
422;Oeur019_23;Rev14;4;25/11/22 15:42;7/12/22 12:29;11.86650463;25/11/22;7/12/22;12;NA;NA;NA
423;Oeur020_59;Rev14;7;25/11/22 15:44;7/12/22 12:32;11.86715278;25/11/22;7/12/22;12;NA;NA;NA
424;Oeur021_55;Rev14;22;28/11/22 14:34;7/12/22 12:35;8.917268519;25/11/22;7/12/22;12;NA;NA;NA
425;Oeur011_08;Rev15;467;8/12/22 12:37;11/12/22 15:02;3.100625;7/12/22;16/12/22;9;NA;NA;NA
426;Oeur011_08;Rev16;467;8/12/22 12:37;11/12/22 15:02;3.100625;16/12/22;21/12/22;5;NA;NA;NA
427;Oeur013_05;Rev16;144;7/12/22 12:18;16/12/22 13:16;9.040162037;16/12/22;21/12/22;5;NA;NA;NA
428;Oeur014_06;Rev16;9;7/12/22 12:21;16/12/22 13:19;9.040162037;16/12/22;21/12/22;5;NA;NA;NA
429;Oeur015_04;Rev16;45;7/12/22 12:27;16/12/22 13:24;9.039722222;16/12/22;21/12/22;5;NA;NA;NA
430;Oeur016_60;Rev16;46;7/12/22 14:31;16/12/22 9:33;8.79275463;16/12/22;21/12/22;5;NA;NA;NA
431;Oeur017_27;Rev16;17;7/12/22 12:25;16/12/22 13:24;9.040462963;16/12/22;21/12/22;5;NA;NA;NA
432;Oeur018_19;Rev16;229;7/12/22 12:28;16/12/22 13:33;9.045324074;16/12/22;21/12/22;5;NA;NA;NA
433;Oeur019_23;Rev16;5;11/12/22 15:16;16/12/22 13:29;4.925231481;16/12/22;21/12/22;5;NA;NA;NA
434;Oeur020_59;Rev16;5;7/12/22 12:34;16/12/22 13:32;9.040231481;16/12/22;21/12/22;5;NA;NA;NA
435;Oeur021_55;Rev16;68;7/12/22 12:36;16/12/22 13:34;9.040532407;16/12/22;21/12/22;5;NA;NA;NA
436;Oeur011_08;Rev17;240;16/12/22 13:18;21/12/22 14:01;5.029328704;21/12/22;12/1/23;22;NA;NA;NA
437;Oeur013_05;Rev17;48;16/12/22 13:17;21/12/22 14:00;5.029259259;21/12/22;12/1/23;22;NA;NA;NA
438;Oeur014_06;Rev17;8;16/12/22 13:20;21/12/22 14:02;5.029050926;21/12/22;12/1/23;22;NA;NA;NA
439;Oeur016_60;Rev17;13;16/12/22 13:27;21/12/22 14:02;5.024143519;21/12/22;12/1/23;22;NA;NA;NA
440;Oeur017_27;Rev17;32;16/12/22 13:25;21/12/22 14:04;5.027037037;21/12/22;12/1/23;22;NA;NA;NA
441;Oeur018_19;Rev17;182;16/12/22 13:42;21/12/22 14:06;5.016967593;21/12/22;12/1/23;22;NA;NA;NA
442;Oeur019_23;Rev17;53;16/12/22 13:30;21/12/22 14:09;5.027337963;21/12/22;12/1/23;22;NA;NA;NA
443;Oeur020_59;Rev17;3;16/12/22 13:39;21/12/22 14:12;5.022847222;21/12/22;12/1/23;22;NA;NA;NA
444;Oeur021_55;Rev17;22;16/12/22 13:45;21/12/22 14:14;5.020231481;21/12/22;12/1/23;22;NA;NA;NA
445;Oeur011_08;Rev18;77;21/12/22 14:02;12/1/23 12:27;21.93407407;19/1/23;26/1/23;7;NA;NA;NA
446;Oeur013_05;Rev18;80;21/12/22 14:01;12/1/23 12:25;21.93340278;19/1/23;26/1/23;7;NA;NA;NA
447;Oeur014_06;Rev18;15;21/12/22 14:03;12/1/23 12:28;21.93402778;19/1/23;26/1/23;7;NA;NA;NA
448;Oeur016_60;Rev18;318;21/12/22 14:04;12/1/23 12:30;21.93481481;19/1/23;26/1/23;7;NA;NA;NA
449;Oeur018_19;Rev18;41;21/12/22 14:08;12/1/23 12:32;21.93326389;19/1/23;26/1/23;7;NA;NA;NA
450;Oeur019_23;Rev18;9;21/12/22 14:16;29/12/22 18:06;8.159675926;19/1/23;26/1/23;7;NA;NA;NA
451;Oeur020_59;Rev18;34;21/12/22 14:13;12/1/23 12:38;21.93372685;19/1/23;26/1/23;7;NA;NA;NA
452;Oeur021_55;Rev18;123;21/12/22 14:16;12/1/23 12:41;21.93423611;19/1/23;26/1/23;7;NA;NA;NA
453;Oeur022_27;Rev18;41;21/12/22 14:30;12/1/23 12:41;21.92412037;19/1/23;26/1/23;7;NA;NA;NA
454;Oeur013_05;Rev19;28;12/1/23 12:29;19/1/23 11:24;6.955115741;26/1/23;8/2/23;13;NA;NA;NA
455;Oeur014_06;Rev19;5;12/1/23 12:30;19/1/23 11:26;6.955902778;26/1/23;8/2/23;13;NA;NA;NA
456;Oeur018_19;Rev19;4;14/1/23 12:19;19/1/23 11:28;4.964907407;26/1/23;8/2/23;13;NA;NA;NA
457;Oeur020_59;Rev19;22;12/1/23 12:40;19/1/23 11:32;6.952592593;26/1/23;8/2/23;13;NA;NA;NA
458;Oeur021_55;Rev19;34;12/1/23 12:42;19/1/23 11:34;6.952847222;26/1/23;8/2/23;13;NA;NA;NA
459;Oeur022_27;Rev19;81;12/1/23 12:42;19/1/23 11:34;6.952731481;26/1/23;8/2/23;13;NA;NA;NA
460;Oeur021_55;Rev20;71;19/1/23 11:33;26/1/23 12:40;7.045972222;8/2/23;20/2/23;12;NA;NA;NA
461;Oeur022_27;Rev20;46;20/1/23 16:11;26/1/23 12:38;5.851875;8/2/23;20/2/23;12;NA;NA;NA
462;Olan015_22;Rev01;169;22/9/22 13:47;22/9/22 15:48;0.083703704;22/9/22;28/9/22;6;NA;NA;NA
463;Olan018_52;Rev01;224;22/9/22 14:10;28/9/22 8:28;5.762546296;22/9/22;28/9/22;6;NA;NA;NA
464;Olan018_53;Rev01;74;22/9/22 19:21;27/9/22 16:01;4.860856481;22/9/22;28/9/22;6;NA;NA;NA
465;Olan015_22;Rev02;235;28/9/22 8:52;28/9/22 13:57;0.211458333;28/9/22;6/10/22;8;NA;NA;NA
466;Olan018_52;Rev02;477;28/9/22 8:29;30/9/22 13:40;2.215625;28/9/22;6/10/22;8;NA;NA;NA
467;Olan018_53;Rev02;259;28/9/22 13:01;6/10/22 9:12;7.841203704;28/9/22;6/10/22;8;NA;NA;NA
468;Olan015_22;Rev03;236;6/10/22 9:11;6/10/22 14:01;0.202013889;6/10/22;20/10/22;14;NA;NA;NA
469;Olan018_52;Rev03;329;6/10/22 11:16;20/10/22 12:38;14.05638889;6/10/22;20/10/22;14;NA;NA;NA
470;Olan018_53;Rev03;152;6/10/22 11:39;19/10/22 13:14;13.06585648;6/10/22;20/10/22;14;NA;NA;NA
471;Olan015_22;Rev04;517;20/10/22 12:32;26/10/22 12:55;6.015833333;20/10/22;27/10/22;7;NA;NA;NA
472;Olan018_52;Rev04;67;20/10/22 12:41;27/10/22 14:01;7.055717593;20/10/22;27/10/22;7;NA;NA;NA
473;Olan018_53;Rev04;47;21/10/22 12:21;27/10/22 14:02;6.069537037;20/10/22;27/10/22;7;NA;NA;NA
474;Olan015_22;Rev05;257;27/10/22 15:07;28/10/22 13:21;0.926412037;27/10/22;3/11/22;7;NA;NA;NA
475;Olan018_52;Rev05;28;27/10/22 15:04;3/11/22 17:55;7.160694444;27/10/22;3/11/22;7;NA;NA;NA
476;Olan018_53;Rev05;48;27/10/22 15:13;3/11/22 17:56;7.154490741;27/10/22;3/11/22;7;NA;NA;NA
477;Olan015_22;Rev06;492;3/11/22 17:48;7/11/22 12:02;3.759513889;3/11/22;9/11/22;6;NA;NA;NA
478;Olan018_52;Rev06;12;3/11/22 17:57;9/11/22 14:33;5.857731481;3/11/22;9/11/22;6;NA;NA;NA
479;Olan018_53;Rev06;26;3/11/22 17:58;9/11/22 14:35;5.859305556;3/11/22;9/11/22;6;NA;NA;NA
480;Olan_018;Rev07;325;9/11/22 15:15;15/11/22 9:33;5.762592593;9/11/22;15/11/22;6;NA;NA;NA
481;Olan_018;Rev07;83;10/11/22 10:47;15/11/22 9:34;4.949282407;9/11/22;15/11/22;6;NA;NA;NA
482;Olan015_22;Rev07;455;9/11/22 14:33;10/11/22 17:28;1.121875;9/11/22;15/11/22;6;NA;NA;NA
483;Olan015_22;Rev08;434;15/11/22 9:40;17/11/22 11:08;2.061412037;15/11/22;25/11/22;10;NA;NA;NA
484;Olan018_52;Rev08;516;15/11/22 9:36;19/11/22 13:49;4.175393519;15/11/22;25/11/22;10;NA;NA;NA
485;Olan018_53;Rev08;502;15/11/22 12:40;25/11/22 9:35;9.871666667;15/11/22;25/11/22;10;NA;NA;NA
486;Olan018_52;Rev09;178;25/11/22 9:39;7/12/22 10:59;12.05548611;25/11/22;7/12/22;12;NA;NA;NA
487;Olan018_53;Rev09;329;25/11/22 13:15;7/12/22 10:57;11.90425926;25/11/22;7/12/22;12;NA;NA;NA
488;Olan018_52;Rev10;93;7/12/22 11:03;16/12/22 9:57;8.954166667;7/12/22;16/12/22;9;NA;NA;NA
489;Olan018_53;Rev10;355;7/12/22 13:15;15/12/22 16:09;8.120972222;7/12/22;16/12/22;9;NA;NA;NA
490;Olan018_52;Rev11;22;16/12/22 9:58;21/12/22 9:44;4.990347222;16/12/22;21/12/22;5;NA;NA;NA
491;Olan018_53;Rev11;90;16/12/22 12:43;21/12/22 9:44;4.875891204;16/12/22;21/12/22;5;NA;NA;NA
492;Olan018_52;Rev12;95;21/12/22 9:47;12/1/23 9:34;21.9906713;21/12/22;12/1/23;22;NA;NA;NA
493;Olan018_53;Rev12;550;21/12/22 9:48;5/1/23 15:08;15.22236111;21/12/22;12/1/23;22;NA;NA;NA
494;Olan018_52;Rev13;524;12/1/23 11:38;17/1/23 20:31;5.369861111;12/1/23;19/1/23;7;NA;NA;NA
495;Olan018_53;Rev13;204;12/1/23 12:03;19/1/23 9:29;6.893240741;12/1/23;19/1/23;7;NA;NA;NA
496;Olan018_52;Rev14;497;19/1/23 11:54;22/1/23 12:32;3.026388889;19/1/23;26/1/23;7;NA;NA;NA
497;Olan018_53;Rev14;511;19/1/23 10:24;24/1/23 11:29;5.045185185;19/1/23;26/1/23;7;NA;NA;NA
498;Olan018_53;Rev15;512;26/1/23 10:36;2/2/23 9:26;6.951319444;26/1/23;2/2/23;7;NA;NA;NA
499;Olan018_53;Rev16;73;2/2/23 15:49;7/2/23 16:27;5.02625;2/2/23;8/2/23;6;NA;NA;NA
500;Rper003_16;Rev05;6;23/9/22 0:01;27/9/22 22:49;4.950347222;22/9/22;28/9/22;6;NA;NA;NA
501;Rper003_16;Rev06;1;4/10/22 0:31;4/10/22 0:31;0;28/9/22;5/10/22;7;NA;NA;NA
502;Rper003_16;Rev07;6;5/10/22 19:07;20/10/22 10:18;14.63256944;5/10/22;20/10/22;15;NA;NA;NA
503;Rper003_16;Rev08;4;20/10/22 10:20;27/10/22 12:20;7.083773148;20/10/22;27/10/22;7;NA;NA;NA
504;Rper003_16;Rev09;2;27/10/22 13:22;3/11/22 11:39;6.970324074;27/10/22;3/11/22;7;NA;NA;NA
505;Rper003_16;Rev10;2;3/11/22 11:40;9/11/22 15:33;6.161712963;3/11/22;9/11/22;7;NA;NA;NA
506;Rper003_16;Rev11;2;9/11/22 15:35;15/11/22 15:27;5.994282407;9/11/22;15/11/22;7;NA;NA;NA
507;Rulm001_01;Rev06;42;19/7/22 10:27;28/7/22 19:13;9.365462963;19/7/22;28/7/22;9;NA;NA;
508;Rulm002_02;Rev06;124;19/7/22 10:29;28/7/22 19:23;9.370717593;19/7/22;28/7/22;9;NA;NA;
509;Rulm009_09;Rev06;387;19/7/22 11:26;20/7/22 15:15;1.159305556;19/7/22;28/7/22;9;NA;NA;
510;Rulm011_11;Rev06;534;19/7/22 11:56;27/7/22 14:38;8.112546296;19/7/22;28/7/22;9;NA;NA;
511;Rulm012_12;Rev06;134;19/7/22 12:02;28/7/22 21:58;9.413773148;19/7/22;28/7/22;9;NA;NA;
512;Rulm014_14;Rev06;504;19/7/22 12:16;23/7/22 16:23;4.17162037;19/7/22;28/7/22;9;NA;NA;
513;Rulm015_15;Rev06;54;19/7/22 12:47;28/7/22 21:40;9.370486111;19/7/22;28/7/22;9;NA;NA;
514;Rulm018_18;Rev06;428;19/7/22 13:27;21/7/22 15:35;2.08875;19/7/22;28/7/22;9;NA;NA;
515;Rulm032_06;Rev06;561;19/7/22 10:53;28/7/22 14:11;9.1375;19/7/22;28/7/22;9;NA;NA;
516;Rulm036_10;Rev06;534;19/7/22 11:37;26/7/22 13:56;7.096064815;19/7/22;28/7/22;9;NA;NA;
517;Rulm046_20;Rev06;305;19/7/22 13:33;25/7/22 21:18;6.3215278;19/7/22;28/7/22;9;NA;NA;
518;Rulm001_01;Rev07;11;28/7/22 19:15;2/8/22 9:36;4.598078704;28/7/22;2/8/22;5;NA;NA;
519;Rulm002_02;Rev07;16;28/7/22 19:24;30/7/22 1:30;1.2541667;28/7/22;2/8/22;5;NA;NA;Bateries case out
520;Rulm007_07;Rev07;311;28/7/22 19:37;29/7/22 14:07;0.770856481;28/7/22;2/8/22;5;NA;NA;
521;Rulm009_09;Rev07;18;28/7/22 22:05;2/8/22 10:27;4.514768519;28/7/22;2/8/22;5;NA;NA;
522;Rulm011_11;Rev07;338;28/7/22 21:57;29/7/22 19:12;0.885856481;28/7/22;2/8/22;5;NA;NA;
523;Rulm012_12;Rev07;36;28/7/22 21:59;2/8/22 10:51;4.535902778;28/7/22;2/8/22;5;NA;NA;
524;Rulm014_14;Rev07;415;28/7/22 21:49;2/8/22 10:58;4.547824074;28/7/22;2/8/22;5;NA;NA;
525;Rulm015_15;Rev07;183;28/7/22 21:44;2/8/22 11:20;4.566481481;28/7/22;2/8/22;5;NA;NA;
526;Rulm018_18;Rev07;67;28/7/22 21:06;2/8/22 12:16;4.631944444;28/7/22;2/8/22;5;NA;NA;
527;Rulm026_26;Rev07;514;28/7/22 20:26;31/7/22 14:24;2.749097222;28/7/22;2/8/22;5;NA;NA;
528;Rulm032_06;Rev07;391;28/7/22 19:30;2/8/22 9:52;4.598680556;28/7/22;2/8/22;5;NA;NA;
529;Rulm036_10;Rev07;558;28/7/22 22:08;2/8/22 10:32;4.516597222;28/7/22;2/8/22;5;NA;NA;
530;Rulm043_23;Rev07;408;28/7/22 20:05;2/8/22 12:33;4.685833333;28/7/22;2/8/22;5;NA;NA;
531;Rulm044_24;Rev07;123;28/7/22 20:14;2/8/22 12:27;4.675902778;28/7/22;2/8/22;5;NA;NA;
532;Rulm045_19;Rev07;89;28/7/22 9:14;2/8/22 0:14;4.624930556;28/7/22;2/8/22;5;TRUE;NA;Estaba configurada con 12 horas de antelaci—n (puesta en am cuando era pm). Rectificar horas archivos
533;Rulm046_20;Rev07;485;28/7/22 21:02;1/8/22 14:58;3.747083333;28/7/22;2/8/22;5;NA;NA;
534;Rulm047_21;Rev07;85;28/7/22 21:19;2/8/22 12:16;4.622800926;28/7/22;2/8/22;5;NA;NA;
535;Rulm001_01;Rev08;12;3/8/22 14:11;11/8/22 9:40;7.811805556;2/8/22;11/8/22;9;NA;NA;
536;Rulm002_02;Rev08;140;31/12/19 23:00;9/1/20 7:49;8.367384259;2/8/22;11/8/22;9;TRUE;NA;
537;Rulm005_05;Rev08;565;2/8/22 10:03;7/8/22 17:03;5.292037037;2/8/22;11/8/22;9;NA;NA;
538;Rulm007_07;Rev08;311;2/8/22 11:10;2/8/22 15:06;0.163611111;2/8/22;11/8/22;9;NA;NA;
539;Rulm008_08;Rev08;552;2/8/22 12:43;9/8/22 21:58;7.385347222;2/8/22;11/8/22;9;NA;NA;
540;Rulm009_09;Rev08;16;3/8/22 16:18;11/8/22 10:56;7.776481481;2/8/22;11/8/22;9;NA;NA;
541;Rulm011_11;Rev08;359;2/8/22 13:25;2/8/22 20:20;0.288287037;2/8/22;11/8/22;9;NA;NA;
542;Rulm012_12;Rev08;236;3/8/22 3:37;11/8/22 11:14;8.317384259;2/8/22;11/8/22;9;NA;NA;
543;Rulm014_14;Rev08;514;2/8/22 10:59;6/8/22 18:13;4.300972222;2/8/22;11/8/22;9;NA;NA;
544;Rulm015_15;Rev08;349;2/8/22 12:46;11/8/22 10:31;8.906458333;2/8/22;11/8/22;9;NA;NA;
545;Rulm016_16;Rev08;493;2/8/22 12:01;3/8/22 11:49;0.991111111;2/8/22;11/8/22;9;NA;NA;
546;Rulm018_18;Rev08;83;2/8/22 14:19;11/8/22 11:58;8.902199074;2/8/22;11/8/22;9;NA;NA;
547;Rulm022_22;Rev08;492;2/8/22 12:59;11/8/22 12:08;8.964837963;2/8/22;11/8/22;9;NA;NA;
548;Rulm026_26;Rev08;445;2/8/22 12:43;2/8/22 20:53;0.34025463;2/8/22;11/8/22;9;NA;NA;
549;Rulm027_27;Rev08;362;2/8/22 13:11;2/8/22 17:26;0.177037037;2/8/22;11/8/22;9;NA;NA;
550;Rulm032_06;Rev08;121;2/8/22 15:24;11/8/22 9:28;8.752893519;2/8/22;11/8/22;9;NA;NA;
551;Rulm036_10;Rev08;60;2/8/22 17:29;10/8/22 17:28;7.998819444;2/8/22;11/8/22;9;NA;NA;
552;Rulm043_23;Rev08;582;2/8/22 12:46;7/8/22 13:30;5.030439815;2/8/22;11/8/22;9;NA;NA;
553;Rulm044_24;Rev08;632;2/8/22 12:28;7/8/22 13:11;5.030092593;2/8/22;11/8/22;9;NA;NA;
554;Rulm045_19;Rev08;117;2/8/22 0:15;10/8/22 23:55;8.986365741;2/8/22;11/8/22;9;TRUE;NA;Estaba configurada con 12 horas de antelaci—n (puesta en am cuando era pm). Rectificar horas archivos
555;Rulm046_20;Rev08;498;2/8/22 12:22;3/8/22 16:05;1.154953704;2/8/22;11/8/22;9;NA;NA;
556;Rulm047_21;Rev08;25;3/8/22 10:50;11/8/22 11:59;8.047939815;2/8/22;11/8/22;9;NA;NA;
557;Rulm001_01;Rev09;76;11/8/22 9:42;18/8/22 10:58;7.05337963;11/8/22;18/8/22;7;NA;NA;
558;Rulm002_02;Rev09;189;11/8/22 21:37;18/8/22 23:02;7.059606481;11/8/22;18/8/22;7;TRUE;NA;
559;Rulm003_03;Rev09;471;11/8/22 9:57;18/8/22 11:04;7.046435185;11/8/22;18/8/22;7;NA;NA;
560;Rulm004_04;Rev09;487;11/8/22 14:21;18/8/22 11:09;6.866087963;11/8/22;18/8/22;7;NA;NA;
561;Rulm005_05;Rev09;84;11/8/22 9:46;18/8/22 8:32;6.949166667;11/8/22;18/8/22;7;NA;NA;
562;Rulm007_07;Rev09;9;11/8/22 10:00;18/8/22 11:17;7.053078704;11/8/22;18/8/22;7;NA;NA;
563;Rulm008_08;Rev09;432;11/8/22 11:07;15/8/22 11:17;4.006851852;11/8/22;18/8/22;7;NA;NA;
564;Rulm009_09;Rev09;478;11/8/22 11:00;15/8/22 13:41;4.111412037;11/8/22;18/8/22;7;NA;NA;
565;Rulm011_11;Rev09;454;11/8/22 11:13;15/8/22 17:42;4.270625;11/8/22;18/8/22;7;NA;NA;
566;Rulm012_12;Rev09;371;11/8/22 11:15;18/8/22 10:25;6.965416667;11/8/22;18/8/22;7;NA;NA;
567;Rulm013_13;Rev09;113;11/8/22 13:35;18/8/22 9:40;6.8368056;11/8/22;18/8/22;7;NA;NA;
568;Rulm014_14;Rev09;516;11/8/22 9:12;16/8/22 14:15;5.209953704;11/8/22;18/8/22;7;NA;NA;
569;Rulm015_15;Rev09;41;11/8/22 13:22;15/8/22 13:54;4.021898148;11/8/22;18/8/22;7;NA;NA;
570;Rulm016_16;Rev09;192;11/8/22 10:30;18/8/22 10:35;7.00375;11/8/22;18/8/22;7;NA;NA;
571;Rulm017_17;Rev09;370;11/8/22 13:32;18/8/22 10:42;6.881828704;11/8/22;18/8/22;7;NA;NA;
572;Rulm018_18;Rev09;325;11/8/22 11:59;17/8/22 17:35;6.232824074;11/8/22;18/8/22;7;NA;NA;
573;Rulm022_22;Rev09;85;11/8/22 12:09;18/8/22 12:17;7.005138889;11/8/22;18/8/22;7;NA;NA;
574;Rulm026_26;Rev09;376;11/8/22 12:49;17/8/22 3:30;5.611574074;11/8/22;18/8/22;7;NA;NA;
575;Rulm027_27;Rev09;230;11/8/22 12:43;18/8/22 12:45;7.001550926;11/8/22;18/8/22;7;NA;NA;
576;Rulm032_06;Rev09;79;11/8/22 9:42;18/8/22 11:14;7.063703704;11/8/22;18/8/22;7;NA;NA;
577;Rulm036_10;Rev09;189;11/8/22 11:05;18/8/22 9:58;6.953287037;11/8/22;18/8/22;7;NA;NA;
578;Rulm043_23;Rev09;135;11/8/22 12:17;18/8/22 12:26;7.006550926;11/8/22;18/8/22;7;NA;NA;
579;Rulm044_24;Rev09;192;11/8/22 12:20;18/8/22 12:35;7.010555556;11/8/22;18/8/22;7;NA;NA;
580;Rulm045_19;Rev09;105;10/8/22 11:57;17/8/22 11:58;7.00087963;11/8/22;18/8/22;7;TRUE;NA;
581;Rulm046_20;Rev09;539;11/8/22 12:07;17/8/22 19:30;6.307638889;11/8/22;18/8/22;7;NA;NA;
582;Rulm047_21;Rev09;80;11/8/22 12:00;18/8/22 12:02;7.001273148;11/8/22;18/8/22;7;NA;NA;
583;Rulm048_25;Rev09;491;11/8/22 12:31;14/8/22 18:36;3.253171296;11/8/22;18/8/22;7;NA;NA;
584;Rulm001_01;Rev10;19;18/8/22 20:16;24/8/22 9:29;5.550972222;18/8/22;24/8/22;6;NA;NA;
585;Rulm002_02;Rev10;65;18/8/22 23:03;24/8/22 21:34;5.938009259;18/8/22;24/8/22;6;TRUE;NA;
586;Rulm003_03;Rev10;195;18/8/22 11:05;24/8/22 9:34;5.936712963;18/8/22;24/8/22;6;NA;NA;
587;Rulm004_04;Rev10;21;18/8/22 11:10;23/8/22 18:59;5.325949074;18/8/22;24/8/22;6;NA;NA;
588;Rulm005_05;Rev10;14;18/8/22 11:13;24/8/22 9:41;5.935949074;18/8/22;24/8/22;6;NA;NA;
589;Rulm007_07;Rev10;51;18/8/22 11:18;24/8/22 9:48;5.937731481;18/8/22;24/8/22;6;NA;NA;
590;Rulm008_08;Rev10;35;18/8/22 10:04;24/8/22 10:18;6.009791667;18/8/22;24/8/22;6;NA;NA;
591;Rulm009_09;Rev10;235;18/8/22 9:52;18/8/22 19:35;0.404259259;18/8/22;24/8/22;6;NA;NA;
592;Rulm011_11;Rev10;387;18/8/22 10:19;20/8/22 17:14;2.288472222;18/8/22;24/8/22;6;NA;NA;
593;Rulm012_12;Rev10;67;18/8/22 10:28;24/8/22 10:27;5.999189815;18/8/22;24/8/22;6;NA;NA;
594;Rulm013_13;Rev10;11;18/8/22 9:45;24/8/22 10:34;6.033611111;18/8/22;24/8/22;6;NA;NA;
595;Rulm014_14;Rev10;232;18/8/22 9:38;24/8/22 10:35;6.039652778;18/8/22;24/8/22;6;NA;NA;
596;Rulm015_15;Rev10;122;31/12/19 23:02;6/1/20 23:06;6.003310185;18/8/22;24/8/22;6;TRUE;NA;
597;Rulm016_16;Rev10;39;18/8/22 10:36;24/8/22 10:46;6.007106481;18/8/22;24/8/22;6;NA;NA;
598;Rulm017_17;Rev10;40;18/8/22 10:45;23/8/22 22:51;5.504074074;18/8/22;24/8/22;6;NA;NA;
599;Rulm018_18;Rev10;136;18/8/22 12:02;24/8/22 11:39;5.983726852;18/8/22;24/8/22;6;NA;NA;
600;Rulm022_22;Rev10;527;18/8/22 12:18;22/8/22 1:05;3.532847222;18/8/22;24/8/22;6;NA;NA;
601;Rulm026_26;Rev10;301;18/8/22 12:45;24/8/22 11:32;5.949537037;18/8/22;24/8/22;6;NA;NA;
602;Rulm027_27;Rev10;367;18/8/22 15:38;24/8/22 11:29;5.827708333;18/8/22;24/8/22;6;NA;NA;
603;Rulm032_06;Rev10;12;18/8/22 11:15;24/8/22 9:42;5.935625;18/8/22;24/8/22;6;NA;NA;
604;Rulm036_10;Rev10;372;18/8/22 10:05;21/8/22 18:30;3.350648148;18/8/22;24/8/22;6;NA;NA;
605;Rulm043_23;Rev10;9;18/8/22 12:33;24/8/22 11:19;5.948611111;18/8/22;24/8/22;6;NA;NA;
606;Rulm044_24;Rev10;585;18/8/22 14:39;24/8/22 11:21;5.862453704;18/8/22;24/8/22;6;NA;NA;
607;Rulm045_19;Rev10;247;18/8/22 12:00;24/8/22 11:36;5.983587963;18/8/22;24/8/22;6;NA;NA;
608;Rulm046_20;Rev10;186;18/8/22 12:16;24/8/22 11:55;5.985740741;18/8/22;24/8/22;6;NA;NA;
609;Rulm047_21;Rev10;33;18/8/22 12:17;24/8/22 11:39;5.973726852;18/8/22;24/8/22;6;NA;NA;
610;Rulm048_25;Rev10;38;18/8/22 12:39;20/8/22 14:24;2.0729167;18/8/22;24/8/22;6;TRUE;NA;
611;Rulm001_01;Rev11;49;24/8/22 9:30;31/8/22 9:24;6.996064815;24/8/22;31/8/22;7;NA;NA;
612;Rulm002_02;Rev11;42;24/8/22 9:35;31/8/22 9:27;6.994444444;24/8/22;31/8/22;7;NA;NA;
613;Rulm003_03;Rev11;330;24/8/22 9:36;31/8/22 9:26;6.992939815;24/8/22;31/8/22;7;NA;NA;
614;Rulm004_04;Rev11;14;24/8/22 9:39;31/8/22 9:32;6.995185185;24/8/22;31/8/22;7;NA;NA;
615;Rulm005_05;Rev11;9;24/8/22 9:42;31/8/22 9:36;6.996226852;24/8/22;31/8/22;7;NA;NA;
616;Rulm007_07;Rev11;15;24/8/22 9:49;31/8/22 9:39;6.993009259;24/8/22;31/8/22;7;NA;NA;
617;Rulm008_08;Rev11;34;24/8/22 10:19;31/8/22 10:10;6.993217593;24/8/22;31/8/22;7;NA;NA;
618;Rulm009_09;Rev11;17;24/8/22 10:17;30/8/22 11:42;6.059189815;24/8/22;31/8/22;7;NA;NA;
619;Rulm011_11;Rev11;413;24/8/22 10:26;25/8/22 16:51;1.267013889;24/8/22;31/8/22;7;NA;NA;
620;Rulm012_12;Rev11;109;24/8/22 10:28;31/8/22 10:25;6.997847222;24/8/22;31/8/22;7;NA;NA;
621;Rulm013_13;Rev11;9;24/8/22 10:35;31/8/22 10:30;6.996851852;24/8/22;31/8/22;7;NA;NA;
622;Rulm014_14;Rev11;230;24/8/22 10:36;31/8/22 10:32;6.996550926;24/8/22;31/8/22;7;NA;NA;
623;Rulm015_15;Rev11;65;6/1/20 23:07;13/1/20 23:03;6.996990741;24/8/22;31/8/22;7;TRUE;NA;
624;Rulm016_16;Rev11;115;24/8/22 10:48;31/8/22 10:42;6.996342593;24/8/22;31/8/22;7;NA;NA;
625;Rulm017_17;Rev11;101;24/8/22 10:51;31/8/22 10:47;6.997361111;24/8/22;31/8/22;7;NA;NA;
626;Rulm018_18;Rev11;133;24/8/22 11:40;31/8/22 11:30;6.992962963;24/8/22;31/8/22;7;NA;NA;
627;Rulm019_34;Rev11;36;24/8/22 11:51;31/8/22 11:31;6.986296296;;;NA;NA;NA;
628;Rulm022_22;Rev11;274;24/8/22 11:58;31/8/22 11:40;6.987291667;24/8/22;31/8/22;7;NA;NA;
629;Rulm026_26;Rev11;228;24/8/22 11:33;31/8/22 11:23;6.992430556;24/8/22;31/8/22;7;NA;NA;
630;Rulm027_27;Rev11;60;24/8/22 11:31;31/8/22 11:21;6.993333333;24/8/22;31/8/22;7;NA;NA;
631;Rulm032_06;Rev11;16;24/8/22 9:45;31/8/22 9:35;6.993356481;24/8/22;31/8/22;7;NA;NA;
632;Rulm036_10;Rev11;459;24/8/22 10:23;25/8/22 16:52;1.269791667;24/8/22;31/8/22;7;NA;NA;
633;Rulm043_23;Rev11;40;24/8/22 11:20;31/8/22 11:14;6.995509259;24/8/22;31/8/22;7;NA;NA;
634;Rulm044_24;Rev11;226;24/8/22 11:23;31/8/22 11:17;6.995277778;24/8/22;31/8/22;7;NA;NA;
635;Rulm045_19;Rev11;163;24/8/22 11:37;31/8/22 11:26;6.992638889;24/8/22;31/8/22;7;NA;NA;
636;Rulm046_20;Rev11;203;24/8/22 11:56;31/8/22 11:38;6.987314815;24/8/22;31/8/22;7;NA;NA;
637;Rulm047_21;Rev11;32;24/8/22 11:40;31/8/22 11:30;6.992569444;24/8/22;31/8/22;7;NA;NA;
638;Rulm048_25;Rev11;22;31/12/19 23:00;7/1/20 22:02;6.959560185;24/8/22;31/8/22;7;TRUE;NA;
639;Rulm001_01;Rev12;44;31/8/22 9:25;8/9/22 9:35;8.006689815;31/8/22;8/9/22;8;NA;NA;
640;Rulm002_02;Rev12;291;31/8/22 9:28;8/9/22 9:38;8.006597222;31/8/22;8/9/22;8;NA;NA;
641;Rulm003_03;Rev12;365;31/8/22 9:30;8/9/22 9:40;8.007083333;31/8/22;8/9/22;8;NA;NA;
642;Rulm004_04;Rev12;320;31/8/22 9:34;8/9/22 9:46;8.008148148;31/8/22;8/9/22;8;NA;NA;
643;Rulm005_05;Rev12;28;31/8/22 9:38;8/9/22 9:48;8.006898148;31/8/22;8/9/22;8;NA;NA;
644;Rulm007_07;Rev12;25;31/8/22 9:40;8/9/22 9:55;8.010601852;31/8/22;8/9/22;8;NA;NA;
645;Rulm008_08;Rev12;114;31/8/22 10:11;8/9/22 10:56;8.031782407;31/8/22;8/9/22;8;NA;NA;
646;Rulm009_09;Rev12;4;31/8/22 10:10;8/9/22 10:52;8.028819444;31/8/22;8/9/22;8;NA;NA;
647;Rulm011_11;Rev12;501;31/8/22 10:24;5/9/22 15:47;5.224583333;31/8/22;8/9/22;8;NA;NA;
648;Rulm012_12;Rev12;87;31/8/22 10:26;8/9/22 11:13;8.032407407;31/8/22;8/9/22;8;NA;NA;
649;Rulm013_13;Rev12;65;31/8/22 10:32;8/9/22 11:23;8.035439815;31/8/22;8/9/22;8;NA;NA;
650;Rulm014_14;Rev12;81;31/8/22 10:33;8/9/22 11:25;8.036041667;31/8/22;8/9/22;8;NA;NA;
651;Rulm015_15;Rev12;489;31/8/22 10:42;3/9/22 15:22;3.194097222;31/8/22;8/9/22;8;NA;NA;
652;Rulm016_16;Rev12;366;31/8/22 10:44;6/9/22 4:17;5.73150463;31/8/22;8/9/22;8;NA;NA;
653;Rulm017_17;Rev12;96;31/8/22 10:49;8/9/22 10:07;7.971018519;31/8/22;8/9/22;8;NA;NA;
654;Rulm018_18;Rev12;197;31/8/22 11:30;8/9/22 12:30;8.04162037;31/8/22;8/9/22;8;NA;NA;
655;Rulm022_22;Rev12;437;31/8/22 11:40;8/9/22 12:54;8.05125;31/8/22;8/9/22;8;NA;NA;
656;Rulm026_26;Rev12;581;31/8/22 12:17;6/9/22 8:55;5.859722222;31/8/22;8/9/22;8;NA;NA;
657;Rulm027_27;Rev12;123;31/8/22 11:22;8/9/22 13:17;8.079675926;31/8/22;8/9/22;8;NA;NA;
658;Rulm032_06;Rev12;186;31/8/22 9:37;8/9/22 9:51;8.009861111;31/8/22;8/9/22;8;NA;NA;
659;Rulm036_10;Rev12;39;31/8/22 10:21;8/9/22 11:01;8.027638889;31/8/22;8/9/22;8;NA;NA;
660;Rulm043_23;Rev12;36;31/8/22 11:15;8/9/22 13:05;8.07650463;31/8/22;8/9/22;8;NA;NA;
661;Rulm044_24;Rev12;284;31/8/22 11:18;4/9/22 13:06;4.075462963;31/8/22;8/9/22;8;NA;NA;
662;Rulm045_19;Rev12;85;31/8/22 11:27;8/9/22 12:27;8.041689815;31/8/22;8/9/22;8;NA;NA;
663;Rulm046_20;Rev12;421;31/8/22 11:39;3/9/22 14:56;3.137037037;31/8/22;8/9/22;8;NA;NA;
664;Rulm047_21;Rev12;281;31/8/22 13:08;9/9/22 12:36;8.977962963;31/8/22;8/9/22;8;NA;NA;
665;Rulm048_25;Rev12;501;7/1/20 22:50;10/1/20 1:07;2.094861111;31/8/22;8/9/22;8;TRUE;NA;
666;Rulm001_01;Rev13;17;8/9/22 9:36;14/9/22 8:40;5.960810185;8/9/22;14/9/22;6;NA;NA;
667;Rulm002_02;Rev13;27;8/9/22 9:39;14/9/22 8:43;5.961296296;8/9/22;14/9/22;6;NA;NA;
668;Rulm003_03;Rev13;28;8/9/22 9:41;14/9/22 8:44;5.960393519;8/9/22;14/9/22;6;NA;NA;
669;Rulm004_04;Rev13;58;8/9/22 9:47;14/9/22 8:50;5.960347222;8/9/22;14/9/22;6;NA;NA;
670;Rulm005_05;Rev13;11;8/9/22 9:50;13/9/22 13:33;5.154814815;8/9/22;14/9/22;6;NA;NA;
671;Rulm007_07;Rev13;20;8/9/22 9:57;14/9/22 8:55;5.957314815;8/9/22;14/9/22;6;NA;NA;
672;Rulm008_08;Rev13;244;8/9/22 10:58;14/9/22 10:18;5.972175926;8/9/22;14/9/22;6;NA;NA;
673;Rulm009_09;Rev13;7;8/9/22 10:53;14/9/22 10:14;5.973032407;8/9/22;14/9/22;6;NA;NA;
674;Rulm012_12;Rev13;36;8/9/22 11:14;14/9/22 10:24;5.965300926;8/9/22;14/9/22;6;NA;NA;
675;Rulm013_13;Rev13;365;9/9/22 8:25;14/9/22 10:30;5.086851852;8/9/22;14/9/22;6;NA;NA;
676;Rulm014_14;Rev13;75;8/9/22 11:25;14/9/22 10:32;5.962916667;8/9/22;14/9/22;6;NA;NA;
677;Rulm015_15;Rev13;73;8/9/22 12:26;14/9/22 10:53;5.934814815;8/9/22;14/9/22;6;NA;NA;
678;Rulm016_16;Rev13;475;9/9/22 0:26;12/9/22 2:10;3.072013889;8/9/22;14/9/22;6;TRUE;NA;
679;Rulm017_17;Rev13;33;8/9/22 11:56;14/9/22 10:59;5.960717593;8/9/22;14/9/22;6;NA;NA;
680;Rulm018_18;Rev13;372;8/9/22 12:35;14/9/22 11:56;5.973148148;8/9/22;14/9/22;6;NA;NA;
681;Rulm019_34;Rev13;2;12/9/22 7:37;14/9/22 11:59;2.182013889;8/9/22;14/9/22;6;NA;NA;
682;Rulm022_22;Rev13;80;8/9/22 12:55;14/9/22 12:05;5.965185185;8/9/22;14/9/22;6;NA;NA;
683;Rulm026_26;Rev13;421;8/9/22 13:25;14/9/22 11:48;5.932569444;8/9/22;14/9/22;6;NA;NA;
684;Rulm027_27;Rev13;43;8/9/22 13:18;14/9/22 11:44;5.935347222;8/9/22;14/9/22;6;NA;NA;
685;Rulm032_06;Rev13;71;8/9/22 9:52;14/9/22 8:52;5.958425926;8/9/22;14/9/22;6;NA;NA;
686;Rulm036_10;Rev13;65;8/9/22 11:02;14/9/22 10:23;5.972592593;8/9/22;14/9/22;6;NA;NA;
687;Rulm043_23;Rev13;61;8/9/22 17:36;14/9/22 11:33;5.747314815;8/9/22;14/9/22;6;NA;NA;
688;Rulm044_24;Rev13;439;8/9/22 13:08;9/9/22 12:51;0.988055556;8/9/22;14/9/22;6;NA;NA;
689;Rulm045_19;Rev13;130;8/9/22 12:28;14/9/22 11:54;5.975787037;8/9/22;14/9/22;6;NA;NA;
690;Rulm046_20;Rev13;368;8/9/22 12:54;14/9/22 12:03;5.96462963;8/9/22;14/9/22;6;NA;NA;
691;Rulm047_21;Rev13;33;8/9/22 12:37;14/9/22 11:57;5.972152778;8/9/22;14/9/22;6;NA;NA;
692;Rulm048_25;Rev13;149;16/1/20 0:47;16/1/20 2:52;0.086759259;8/9/22;14/9/22;6;TRUE;NA;
693;Rulm001_01;Rev14;131;14/9/22 8:41;22/9/22 9:22;8.028587963;14/9/22;22/9/22;8;NA;NA;
694;Rulm002_02;Rev14;181;14/9/22 8:45;22/9/22 9:27;8.029097222;14/9/22;22/9/22;8;NA;NA;
695;Rulm003_03;Rev14;339;14/9/22 8:45;22/9/22 9:27;8.029467593;14/9/22;22/9/22;8;NA;NA;
696;Rulm004_04;Rev14;78;14/9/22 8:51;21/9/22 14:00;7.214884259;14/9/22;22/9/22;8;NA;NA;
697;Rulm005_05;Rev14;25;14/9/22 8:52;21/9/22 15:15;7.266111111;14/9/22;22/9/22;8;NA;NA;
698;Rulm008_08;Rev14;85;14/9/22 10:19;22/9/22 10:01;7.987777778;14/9/22;22/9/22;8;NA;NA;
699;Rulm009_09;Rev14;29;14/9/22 14:32;22/9/22 9:58;7.810277778;14/9/22;22/9/22;8;NA;NA;
700;Rulm012_12;Rev14;117;14/9/22 10:25;22/9/22 10:13;7.991365741;14/9/22;22/9/22;8;NA;NA;
701;Rulm013_13;Rev14;138;14/9/22 10:32;22/9/22 10:18;7.990231481;14/9/22;22/9/22;8;NA;NA;
702;Rulm014_14;Rev14;548;14/9/22 10:34;17/9/22 10:32;2.999259259;14/9/22;22/9/22;8;NA;NA;
703;Rulm015_15;Rev14;241;14/9/22 10:54;22/9/22 10:52;7.999166667;14/9/22;22/9/22;8;NA;NA;
704;Rulm016_16;Rev14;205;14/9/22 22:56;22/9/22 22:54;7.998541667;14/9/22;22/9/22;8;NA;NA;
705;Rulm017_17;Rev14;174;14/9/22 11:03;22/9/22 10:58;7.996666667;14/9/22;22/9/22;8;NA;NA;
706;Rulm019_34;Rev14;11;14/9/22 12:01;22/9/22 14:34;8.106851852;14/9/22;22/9/22;8;NA;NA;
707;Rulm026_26;Rev14;182;14/9/22 11:49;22/9/22 14:25;8.108634259;14/9/22;22/9/22;8;NA;NA;
708;Rulm027_27;Rev14;170;14/9/22 11:47;22/9/22 14:28;8.112222222;14/9/22;22/9/22;8;NA;NA;
709;Rulm032_06;Rev14;36;14/9/22 8:53;22/9/22 9:32;8.027175926;14/9/22;22/9/22;8;NA;NA;
710;Rulm036_10;Rev14;402;14/9/22 10:25;17/9/22 16:32;3.254884259;14/9/22;22/9/22;8;NA;NA;
711;Rulm043_23;Rev14;42;14/9/22 16:07;22/9/22 14:20;7.925648148;14/9/22;22/9/22;8;NA;NA;
712;Rulm044_24;Rev14;482;14/9/22 11:37;22/9/22 13:56;8.097083333;14/9/22;22/9/22;8;NA;NA;
713;Rulm045_19;Rev14;271;14/9/22 11:55;22/9/22 14:32;8.109074074;14/9/22;22/9/22;8;NA;NA;
714;Rulm047_21;Rev14;108;14/9/22 11:59;22/9/22 14:33;8.1075;14/9/22;22/9/22;8;NA;NA;
715;Rulm048_25;Rev14;577;21/1/20 23:08;29/1/20 2:36;7.144791667;14/9/22;22/9/22;8;TRUE;NA;
716;Rulm001_01;Rev15;15;22/9/22 9:23;28/9/22 12:10;6.115972222;22/9/22;28/9/22;6;NA;NA;
717;Rulm003_03;Rev15;547;22/9/22 9:28;27/9/22 16:04;5.274907407;22/9/22;28/9/22;6;NA;NA;Carrillo de pilas fuera
718;Rulm004_04;Rev15;50;22/9/22 9:32;28/9/22 12:19;6.116203704;22/9/22;28/9/22;6;NA;NA;
719;Rulm005_05;Rev15;16;22/9/22 9:36;28/9/22 12:22;6.115717593;22/9/22;28/9/22;6;NA;NA;
720;Rulm019_34;Rev15;7;22/9/22 14:36;28/9/22 13:44;5.963703704;22/9/22;28/9/22;6;NA;NA;
721;Rulm026_26;Rev15;214;22/9/22 14:35;28/9/22 13:36;5.95900463;22/9/22;28/9/22;6;NA;NA;
722;Rulm032_06;Rev15;111;22/9/22 9:33;28/9/22 12:21;6.116666667;22/9/22;28/9/22;6;NA;NA;
723;Rulm045_19;Rev15;106;22/9/22 14:32;28/9/22 13:33;5.958888889;22/9/22;28/9/22;6;NA;NA;
724;Rulm001_01;Rev16;264;28/9/22 18:22;5/10/22 13:09;6.782777778;28/9/22;5/10/22;7;NA;NA;
725;Rulm002_02;Rev16;354;28/9/22 12:18;5/10/22 17:32;7.218310185;28/9/22;6/10/22;7;NA;NA;
726;Rulm004_04;Rev16;484;28/9/22 12:21;5/10/22 17:44;7.224351852;28/9/22;7/10/22;7;NA;NA;
727;Rulm005_05;Rev16;162;28/9/22 12:24;5/10/22 17:47;7.224513889;28/9/22;8/10/22;7;NA;NA;
728;Rulm032_06;Rev16;90;28/9/22 12:22;5/10/22 17:49;7.226712963;28/9/22;9/10/22;7;NA;NA;
729;Sasp007_60;Rev11;6;24/8/22 12:13;27/8/22 12:20;3.004351852;24/8/22;31/8/22;7;NA;NA;NA
730;Sasp007_60;Rev12;3;31/8/22 11:00;8/9/22 12:05;8.044768519;31/8/22;8/9/22;8;NA;NA;NA
731;Sasp007_60;Rev13;9;8/9/22 12:21;14/9/22 12:13;5.994560185;8/9/22;14/9/22;6;NA;NA;NA
732;Sasp007_11;Rev14;24;14/9/22 12:14;22/9/22 12:46;8.021805556;14/9/22;22/9/22;8;NA;NA;NA
733;Sasp003_13;Rev15;340;22/9/22 12:27;22/9/22 16:00;0.148125;22/9/22;28/9/22;6;NA;NA;NA
734;Sasp004_14;Rev15;457;22/9/22 12:28;28/9/22 10:52;5.932962963;22/9/22;28/9/22;6;NA;NA;NA
735;Sasp007_11;Rev15;276;22/9/22 12:47;28/9/22 13:25;6.026643519;22/9/22;28/9/22;6;NA;NA;NA
736;Sasp008_07;Rev15;420;22/9/22 12:07;23/9/22 12:57;1.034907407;22/9/22;28/9/22;6;NA;NA;NA
737;Sasp009_10;Rev15;505;22/9/22 12:20;24/9/22 17:07;2.199560185;22/9/22;28/9/22;6;NA;NA;NA
738;Sasp010_12;Rev15;525;22/9/22 12:17;23/9/22 17:18;1.208773148;22/9/22;28/9/22;6;NA;NA;NA
739;Sasp011_15;Rev15;448;22/9/22 13:12;24/9/22 15:06;2.079189815;22/9/22;28/9/22;6;NA;NA;NA
740;Sasp012_17;Rev15;394;22/9/22 13:27;23/9/22 13:01;0.981828704;22/9/22;28/9/22;6;NA;NA;NA
741;Sasp013_18;Rev15;422;22/9/22 13:30;23/9/22 16:02;1.10587963;22/9/22;28/9/22;6;NA;NA;NA
742;Sasp014_20;Rev15;435;22/9/22 13:26;23/9/22 14:29;1.043587963;22/9/22;28/9/22;6;NA;NA;NA
743;Sasp003_13;Rev16;320;28/9/22 10:55;28/9/22 14:11;0.136157407;28/9/22;5/10/22;7;NA;NA;NA
744;Sasp004_14;Rev16;406;28/9/22 10:53;5/10/22 19:01;7.338888889;28/9/22;5/10/22;7;NA;NA;NA
745;Sasp007_11;Rev16;247;28/9/22 13:49;6/10/22 8:25;7.774884259;28/9/22;5/10/22;7;NA;NA;NA
746;Sasp008_07;Rev16;328;28/9/22 10:57;28/9/22 15:20;0.182569444;28/9/22;5/10/22;7;NA;NA;NA
747;Sasp009_10;Rev16;212;28/9/22 11:09;28/9/22 13:43;0.10712963;28/9/22;5/10/22;7;NA;NA;NA
748;Sasp010_12;Rev16;418;28/9/22 12:03;1/10/22 16:57;3.203958333;28/9/22;5/10/22;7;NA;NA;NA
749;Sasp011_15;Rev16;409;28/9/22 13:29;28/9/22 18:40;0.216180556;28/9/22;5/10/22;7;NA;NA;NA
750;Sasp012_17;Rev16;273;28/9/22 13:28;28/9/22 16:02;0.107060185;28/9/22;5/10/22;7;NA;NA;NA
751;Sasp013_18;Rev16;336;28/9/22 13:31;28/9/22 17:24;0.161805556;28/9/22;5/10/22;7;NA;NA;NA
752;Sasp014_20;Rev16;332;28/9/22 13:29;28/9/22 16:37;0.130763889;28/9/22;5/10/22;7;NA;NA;NA
753;Sasp003_13;Rev17;435;5/10/22 19:05;6/10/22 18:37;0.980416667;5/10/22;20/10/22;15;NA;NA;NA
754;Sasp004_14;Rev17;99;6/10/22 12:31;20/10/22 10:15;13.90576389;5/10/22;20/10/22;15;NA;NA;NA
755;Sasp007_11;Rev17;31;6/10/22 8:26;20/10/22 10:32;14.08759259;5/10/22;20/10/22;15;NA;NA;NA
756;Sasp008_07;Rev17;478;5/10/22 18:54;8/10/22 17:18;2.933171296;5/10/22;20/10/22;15;NA;NA;NA
757;Sasp009_10;Rev17;364;5/10/22 19:05;6/10/22 16:22;0.886736111;5/10/22;20/10/22;15;NA;NA;NA
758;Sasp010_12;Rev17;126;5/10/22 19:01;20/10/22 10:14;14.63421296;5/10/22;20/10/22;15;NA;NA;NA
759;Sasp011_15;Rev17;510;6/10/22 11:08;14/10/22 12:14;8.045902778;5/10/22;20/10/22;15;NA;NA;NA
760;Sasp012_17;Rev17;450;6/10/22 11:59;8/10/22 17:37;2.234259259;5/10/22;20/10/22;15;NA;NA;NA
761;Sasp013_18;Rev17;186;6/10/22 11:31;9/10/22 14:49;3.137824074;5/10/22;20/10/22;15;NA;NA;NA
762;Sasp014_20;Rev17;492;6/10/22 8:34;9/10/22 15:56;3.307384259;5/10/22;20/10/22;15;NA;NA;NA
763;Sasp001_21;Rev18;8;20/10/22 11:27;27/10/22 13:21;7.079050926;20/10/22;27/10/22;7;NA;NA;NA
764;Sasp003_13;Rev18;428;20/10/22 11:18;22/10/22 17:08;2.242685185;20/10/22;27/10/22;7;NA;NA;NA
765;Sasp004_14;Rev18;15;20/10/22 11:16;27/10/22 13:26;7.090115741;20/10/22;27/10/22;7;NA;NA;NA
766;Sasp007_11;Rev18;11;20/10/22 11:34;27/10/22 13:41;7.08775463;20/10/22;27/10/22;7;NA;NA;NA
767;Sasp008_07;Rev18;479;20/10/22 11:05;23/10/22 18:02;3.289560185;20/10/22;27/10/22;7;NA;NA;NA
768;Sasp009_10;Rev18;48;20/10/22 11:24;27/10/22 13:43;7.096018519;20/10/22;27/10/22;7;NA;NA;NA
769;Sasp010_12;Rev18;63;20/10/22 11:16;27/10/22 13:27;7.09162037;20/10/22;27/10/22;7;NA;NA;NA
770;Sasp011_15;Rev18;227;20/10/22 11:38;27/10/22 1:43;6.586435185;20/10/22;27/10/22;7;NA;NA;NA
771;Sasp012_17;Rev18;384;20/10/22 11:42;27/10/22 13:18;7.066550926;20/10/22;27/10/22;7;NA;NA;NA
772;Sasp013_18;Rev18;435;20/10/22 11:47;27/10/22 13:46;7.08287037;20/10/22;27/10/22;7;NA;NA;NA
773;Sasp014_20;Rev18;113;21/10/22 12:54;27/10/22 13:46;6.035648148;20/10/22;27/10/22;7;NA;NA;NA
774;Sasp001_21;Rev19;121;27/10/22 13:25;3/11/22 11:41;6.969282407;27/10/22;3/11/22;7;NA;NA;NA
775;Sasp003_13;Rev19;249;27/10/22 13:28;27/10/22 16:08;0.111157407;27/10/22;3/11/22;7;NA;NA;NA
776;Sasp004_14;Rev19;56;27/10/22 13:27;3/11/22 11:45;6.970717593;27/10/22;3/11/22;7;NA;NA;NA
777;Sasp007_11;Rev19;141;27/10/22 13:43;3/11/22 14:34;7.077546296;27/10/22;3/11/22;7;NA;NA;NA
778;Sasp008_07;Rev19;313;27/10/22 13:29;27/10/22 17:29;0.166828704;27/10/22;3/11/22;7;NA;NA;NA
779;Sasp009_10;Rev19;60;27/10/22 13:44;3/11/22 12:05;6.972638889;27/10/22;3/11/22;7;NA;NA;NA
780;Sasp010_12;Rev19;131;27/10/22 13:29;3/11/22 11:48;6.971944444;27/10/22;3/11/22;7;NA;NA;NA
781;Sasp011_15;Rev19;361;27/10/22 13:58;3/11/22 14:39;7.06974537;27/10/22;3/11/22;7;NA;NA;NA
782;Sasp012_17;Rev19;298;27/10/22 13:46;27/10/22 18:23;0.192384259;27/10/22;3/11/22;7;TRUE;NA;NA
783;Sasp013_18;Rev19;176;27/10/22 13:47;27/10/22 16:31;0.113912037;27/10/22;3/11/22;7;NA;NA;NA
784;Sasp014_20;Rev19;240;27/10/22 13:46;3/11/22 14:55;7.089467593;27/10/22;3/11/22;7;NA;NA;NA
785;Sasp001_21;Rev20;7;4/11/22 10:03;9/11/22 15:36;5.231898148;3/11/22;9/11/22;6;NA;NA;NA
786;Sasp003_13;Rev20;453;3/11/22 11:48;6/11/22 17:40;3.244490741;3/11/22;9/11/22;6;NA;NA;NA
787;Sasp004_14;Rev20;10;5/11/22 14:54;9/11/22 15:40;4.031782407;3/11/22;9/11/22;6;NA;NA;NA
788;Sasp007_11;Rev20;168;3/11/22 14:37;9/11/22 13:48;5.966157407;3/11/22;9/11/22;6;NA;NA;NA
789;Sasp008_07;Rev20;412;3/11/22 11:49;9/11/22 12:59;6.048634259;3/11/22;9/11/22;6;NA;NA;NA
790;Sasp009_10;Rev20;70;3/11/22 12:06;8/11/22 18:03;5.248287037;3/11/22;9/11/22;6;NA;NA;NA
791;Sasp010_12;Rev20;517;3/11/22 11:49;9/11/22 15:41;6.161111111;3/11/22;9/11/22;6;NA;NA;NA
792;Sasp011_15;Rev20;371;3/11/22 14:51;9/11/22 13:51;5.958680556;3/11/22;9/11/22;6;NA;NA;NA
793;Sasp012_17;Rev20;1;9/11/22 13:51;9/11/22 13:51;0;3/11/22;9/11/22;6;NA;NA;NA
794;Sasp013_18;Rev20;350;4/11/22 14:39;6/11/22 0:05;1.392708333;3/11/22;9/11/22;6;NA;NA;NA
795;Sasp014_20;Rev20;124;4/11/22 12:58;9/11/22 13:50;5.035763889;3/11/22;9/11/22;6;NA;NA;NA
796;Sasp001_21;Rev21;4;15/11/22 13:59;15/11/22 15:29;0.062939815;9/11/22;15/11/22;6;NA;NA;NA
797;Sasp003_13;Rev21;485;9/11/22 17:02;13/11/22 12:04;3.792731481;9/11/22;15/11/22;6;TRUE;NA;NA
798;Sasp007_11;Rev21;144;9/11/22 13:50;15/11/22 15:18;6.061296296;9/11/22;15/11/22;6;NA;NA;NA
799;Sasp008_07;Rev21;364;9/11/22 17:16;15/11/22 12:59;5.821018519;9/11/22;15/11/22;6;NA;NA;NA
800;Sasp009_10;Rev21;349;9/11/22 15:59;15/11/22 15:52;5.995347222;9/11/22;15/11/22;6;NA;NA;NA
801;Sasp010_12;Rev21;433;9/11/22 15:46;11/11/22 12:17;1.855023148;9/11/22;15/11/22;6;NA;NA;NA
802;Sasp011_15;Rev21;19;9/11/22 15:41;15/11/22 15:32;5.993611111;9/11/22;15/11/22;6;TRUE;NA;NA
803;Sasp012_17;Rev21;438;9/11/22 13:52;15/11/22 15:03;6.049236111;9/11/22;15/11/22;6;NA;NA;NA
804;sasp013_18;Rev21;358;9/11/22 14:15;10/11/22 14:12;0.99837963;9/11/22;15/11/22;6;NA;NA;NA
805;Sasp014_20;Rev21;278;9/11/22 13:53;15/11/22 15:23;6.062615741;9/11/22;15/11/22;6;NA;NA;NA
806;Sasp001_21;Rev22;55;15/11/22 15:31;25/11/22 11:10;9.819212963;15/11/22;25/11/22;10;NA;NA;NA
807;Sasp003_13;Rev22;304;15/11/22 17:00;17/11/22 17:21;2.014907407;15/11/22;25/11/22;10;NA;NA;NA
808;Sasp004_14;Rev22;48;15/11/22 15:33;25/11/22 11:05;9.813912037;15/11/22;25/11/22;10;NA;NA;NA
809;Sasp007_11;Rev22;210;15/11/22 15:19;25/11/22 11:13;9.829166667;15/11/22;25/11/22;10;NA;NA;NA
810;Sasp008_07;Rev22;488;15/11/22 17:00;21/11/22 18:51;6.077013889;15/11/22;25/11/22;10;NA;NA;NA
811;Sasp009_10;Rev22;422;15/11/22 15:53;25/11/22 11:20;9.810208333;15/11/22;25/11/22;10;NA;NA;NA
812;Sasp010_12;Rev22;540;15/11/22 15:36;21/11/22 16:59;6.057939815;15/11/22;25/11/22;10;NA;NA;NA
813;Sasp011_15;Rev22;411;1/1/20 0:01;3/1/20 0:10;2.005856481;15/11/22;25/11/22;10;NA;NA;NA
814;Sasp012_17;Rev22;339;15/11/22 15:25;17/11/22 14:31;1.962847222;15/11/22;25/11/22;10;NA;NA;NA
815;Sasp013_18;Rev22;255;15/11/22 15:22;17/11/22 11:26;1.836319444;15/11/22;25/11/22;10;NA;NA;NA
816;Sasp014_20;Rev22;516;15/11/22 15:24;19/11/22 14:59;3.982384259;15/11/22;25/11/22;10;NA;NA;NA
817;Sasp001_21;Rev23;1;25/11/22 11:11;25/11/22 11:11;0;25/11/22;7/12/22;12;NA;NA;NA
818;Sasp004_14;Rev23;20;25/11/22 11:06;30/11/22 13:10;5.086273148;25/11/22;7/12/22;12;NA;NA;NA
819;Sasp008_07;Rev23;260;25/11/22 10:58;30/11/22 12:19;5.056087963;25/11/22;7/12/22;12;NA;NA;NA
820;Sasp010_12;Rev23;405;25/11/22 11:05;30/11/22 13:05;5.083680556;25/11/22;7/12/22;12;NA;NA;NA
821;Sasp007_11;Rev24;197;25/11/22 11:14;7/12/22 11:31;12.01157407;7/12/22;16/12/22;9;NA;NA;NA
822;Sasp009_10;Rev24;466;25/11/22 11:21;4/12/22 16:28;9.213287037;7/12/22;16/12/22;9;NA;NA;NA
823;Sasp011_15;Rev24;291;10/1/20 22:32;17/1/20 23:13;7.02849537;7/12/22;16/12/22;9;NA;NA;NA
824;Sasp012_17;Rev24;480;25/11/22 11:20;6/12/22 15:16;11.16384259;7/12/22;16/12/22;9;NA;NA;NA
825;Sasp013_18;Rev24;332;25/11/22 11:33;29/11/22 13:23;4.076759259;7/12/22;16/12/22;9;NA;NA;NA
826;Sasp007_11;Rev25;207;9/12/22 13:28;16/12/22 11:52;6.933287037;16/12/22;21/12/22;5;NA;NA;NA
827;Sasp009_10;Rev25;502;7/12/22 12:10;11/12/22 17:51;4.236921296;16/12/22;21/12/22;5;NA;NA;NA
828;Sasp011_15;Rev25;422;22/1/20 20:15;26/1/20 22:42;4.10224537;16/12/22;21/12/22;5;NA;NA;NA
829;Sasp012_17;Rev25;440;8/12/22 11:32;10/12/22 16:25;2.203773148;16/12/22;21/12/22;5;NA;NA;NA
830;Sasp013_18;Rev25;264;7/12/22 11:40;16/12/22 12:03;9.016342593;16/12/22;21/12/22;5;NA;NA;NA
831;Sasp007_11;Rev26;103;16/12/22 14:11;21/12/22 11:51;4.902847222;21/12/22;12/1/23;22;NA;NA;NA
832;Sasp009_10;Rev26;360;16/12/22 12:50;21/12/22 12:43;4.994953704;21/12/22;12/1/23;22;NA;NA;NA
833;Sasp011_15;Rev26;330;31/12/22 11:10;3/1/23 14:23;3.134097222;21/12/22;12/1/23;22;NA;NA;NA
834;Sasp013_18;Rev26;127;16/12/22 12:06;21/12/22 12:04;4.999097222;21/12/22;12/1/23;22;NA;NA;NA
835;Sasp007_11;Rev27;316;21/12/22 12:01;29/12/22 15:48;8.157615741;12/1/23;19/1/23;7;NA;NA;NA
836;Sasp009_10;Rev27;514;21/12/22 12:45;12/1/23 11:27;21.9462963;12/1/23;19/1/23;7;NA;NA;NA
837;Sasp011_15;Rev27;453;7/1/23 12:01;26/1/23 16:15;19.1768287;12/1/23;19/1/23;7;NA;NA;NA
838;Sasp013_18;Rev27;432;7/12/22 11:40;12/1/23 10:43;35.96037037;12/1/23;19/1/23;7;NA;NA;NA
839;Sasp007_11;Rev28;179;12/1/23 10:36;19/1/23 10:03;6.977037037;19/1/23;26/1/23;7;NA;NA;NA
840;Sasp009_10;Rev28;245;12/1/23 13:15;19/1/23 9:26;6.84099537;19/1/23;26/1/23;7;NA;NA;NA
841;Sasp011_15;Rev28;346;12/1/23 11:32;17/1/23 14:29;5.122939815;19/1/23;26/1/23;7;NA;NA;NA
842;Sasp007_11;Rev29;397;19/1/23 10:07;22/1/23 13:02;3.121898148;26/1/23;2/2/23;7;NA;NA;NA
843;Sasp009_10;Rev29;490;1/1/20 0:02;6/1/20 3:37;5.14974537;26/1/23;2/2/23;7;NA;NA;NA
844;Sasp011_15;Rev29;436;19/1/23 9:10;20/1/23 14:17;1.213217593;26/1/23;2/2/23;7;NA;NA;NA
845;Sasp007_11;Rev31;153;2/2/23 16:57;8/2/23 12:47;5.826157407;26/1/23;8/2/23;13;NA;NA;NA
846;Sasp009_10;Rev31;85;15/1/20 0:17;21/1/20 2:50;6.106481481;26/1/23;8/2/23;13;NA;NA;NA
847;Sasp011_15;Rev31;452;1/1/20 0:00;2/1/20 3:45;1.156527778;26/1/23;8/2/23;13;NA;NA;NA
848;Sasp007_11;Rev30;386;26/1/23 14:16;28/1/23 17:14;2.123958333;26/1/23;2/2/23;7;NA;NA;NA
849;Sasp009_10;Rev30;357;8/1/20 0:58;15/1/20 0:16;6.970509259;26/1/23;2/2/23;7;NA;NA;NA
850;Joxy001_35;Rev07;7;2/12/22 0:24;21/12/22 21:24;19.8749537;2/12/22;22/12/22;NA;TRUE;NA;
851;Joxy002_22;Rev07;63;2/12/22 12:35;22/12/22 9:44;19.88085648;2/12/22;22/12/22;NA;NA;NA;Tarjeta sin formatear, tiene 5 videos de Osyris, pongo datos del primer v’deo de Joxy
852;Joxy003_37;Rev07;206;2/12/21 12:51;22/12/21 9:49;19.87355324;2/12/22;22/12/22;NA;TRUE;NA;TI arreglado- estaba mal el a–o
853;Joxy004_32;Rev07;84;2/12/22 13:11;22/12/22 10:22;19.88261574;2/12/22;22/12/22;NA;NA;NA;
854;Joxy006_40;Rev07;1;2/12/22 14:52;2/12/22 14:52;0;2/12/22;22/12/22;NA;NA;NA;
855;Joxy007_09;Rev07;114;4/12/22 11:05;22/12/22 9:55;17.95152778;2/12/22;22/12/22;NA;NA;NA;
856;Joxy009_07;Rev07;88;2/12/22 11:40;22/12/22 10:58;19.97097222;2/12/22;22/12/22;NA;NA;NA;
857;Joxy011_44;Rev07;8;2/12/22 12:00;2/12/22 13:17;0.053657407;2/12/22;22/12/22;NA;NA;NA;
858;Joxy012_12;Rev07;98;2/12/22 10:43;22/12/22 10:52;20.00618056;2/12/22;22/12/22;NA;NA;NA;
859;Joxy014_02;Rev07;327;2/12/22 10:39;22/12/22 11:22;20.0299;2/12/22;22/12/22;NA;TRUE;NA;Fecha y hora bien configurada a partir del video 8
860;Joxy015_14;Rev07;335;2/12/22 11:06;22/12/22 10:43;19.984;2/12/22;22/12/22;NA;NA;NA;
861;Joxy016_16;Rev07;53;2/12/22 10:26;22/12/22 11:42;20.053125;2/12/22;22/12/22;NA;NA;NA;
862;Joxy017_50;Rev07;22;2/12/22 11:21;22/12/22 11:39;20.01261574;2/12/22;22/12/22;NA;NA;NA;
863;Joxy018_50;Rev07;10;2/12/22 11:15;22/12/22 11:35;20.01363426;2/12/22;22/12/22;NA;NA;NA;
864;Joxy019_49;Rev07;52;2/12/22 11:08;21/12/22 19:39;19.35506944;2/12/22;22/12/22;NA;NA;NA;
865;Joxy020_46;Rev07;8;2/12/22 11:03;6/12/22 14:35;4.147314815;2/12/22;22/12/22;NA;NA;NA;
866;Joxy021_45;Rev07;37;2/12/22 11:32;22/12/22 11:04;19.98108796;2/12/22;22/12/22;NA;NA;NA;
867;Joxy022_21;Rev07;28;2/12/22 23:47;22/12/22 23:10;19.97435185;2/12/22;22/12/22;NA;TRUE;NA;
868;Joxy023_38;Rev07;68;2/12/22 12:36;22/12/22 9:35;19.87423611;2/12/22;22/12/22;NA;NA;NA;
869;Joxy024_42;Rev07;49;2/12/22 14:37;21/12/22 19:02;19.18386574;2/12/22;22/12/22;NA;NA;NA;
870;Joxy025_41;Rev07;38;2/12/22 15:02;22/12/22 10:16;19.80138889;2/12/22;22/12/22;NA;NA;NA;
871;Joxy026_31;Rev07;21;2/12/22 15:10;22/12/22 10:11;19.79212963;2/12/22;22/12/22;NA;NA;NA;
872;Joxy027_25;Rev07;39;2/12/22 15:15;22/12/22 10:05;19.78479167;2/12/22;22/12/22;NA;NA;NA;
873;Joxy028_26;Rev07;62;2/12/22 15:25;22/12/22 11:47;19.84891204;2/12/22;22/12/22;NA;NA;NA;
874;Joxy029_28;Rev07;5;2/12/22 15:37;6/12/22 16:04;4.01875;2/12/22;22/12/22;NA;NA;NA;en Last video pongo fecha del penœltimo pq se qued— sin pilas y el œltimo tiene TI pero es el de despedida
875;Joxy001_35;Rev08;6;1/1/18 0:00;2/1/18 9:03;1.377523148;22/12/22;13/1/23;NA;TRUE;NA;
876;Joxy002_22;Rev08;19;22/12/22 9:46;30/12/22 17:41;8.330069444;22/12/22;13/1/23;NA;NA;NA;
877;Joxy003_37;Rev08;25;22/12/21 9:51;13/1/22 11:07;22.05314815;22/12/22;13/1/23;NA;NA;NA;
878;Joxy004_32;Rev08;64;22/12/22 10:24;13/1/23 11:25;22.04236111;22/12/22;13/1/23;NA;NA;NA;
879;joxy006_40;rev_08;0;;;0;22/12/22;13/1/23;NA;NA;NA;Tarjeta vac’a
880;Joxy007_09;Rev08;29;22/12/22 9:57;13/1/23 11:10;22.05069444;22/12/22;13/1/23;NA;NA;NA;
881;Joxy009_07;Rev08;39;22/12/22 10:59;13/1/23 11:40;22.02828704;22/12/22;13/1/23;NA;NA;NA;
882;joxy011_44;rev_08;0;;;0;22/12/22;13/1/23;NA;NA;NA;Tarjeta vac’a
883;Joxy012_12;Rev08;48;22/12/22 10:53;13/1/23 11:36;22.02972222;22/12/22;13/1/23;NA;NA;NA;
884;Joxy014_02;Rev08;13;22/12/22 11:22;13/1/23 11:49;22.01828704;22/12/22;13/1/23;NA;NA;NA;
885;Joxy015_14;Rev08;41;22/12/22 10:44;13/1/23 11:32;22.03319444;22/12/22;13/1/23;NA;NA;NA;
886;Joxy016_16;Rev08;56;22/12/22 11:43;13/1/23 11:59;22.01131944;22/12/22;13/1/23;NA;NA;NA;
887;Joxy017_50;Rev08;22;22/12/22 11:41;13/1/23 11:59;22.01199074;22/12/22;13/1/23;NA;NA;NA;En la carpeta aparecen mal ordenados
888;Joxy018_50;Rev08;36;22/12/22 11:37;13/1/23 11:57;22.01414352;22/12/22;13/1/23;NA;NA;NA;En la carpeta aparecen mal ordenados
889;Joxy019_49;Rev08;26;22/12/22 11:32;2/1/23 19:05;11.31467593;22/12/22;13/1/23;NA;NA;NA;En la carpeta aparecen mal ordenados
890;joxy020_46;rev_08;0;;;0;22/12/22;13/1/23;NA;NA;NA;Tarjeta vac’a
891;Joxy021_45;Rev08;61;22/12/22 11:07;13/1/23 11:43;22.02513889;22/12/22;13/1/23;NA;NA;NA;En la carpeta aparecen mal ordenados
892;Joxy022_21;Rev08;37;22/12/22 23:11;13/1/23 23:45;22.0237963;22/12/22;13/1/23;NA;TRUE;NA;
893;Joxy023_38;Rev08;42;22/12/22 10:38;23/1/18 1:17;22.0525;22/12/22;13/1/23;NA;TRUE;NA;
894;Joxy024_42;Rev08;54;22/12/22 10:38;13/1/23 11:30;22.03650463;22/12/22;13/1/23;NA;NA;NA;En la carpeta aparecen mal ordenados
895;Joxy025_41;Rev08;44;22/12/22 10:18;13/1/23 11:17;22.04090278;22/12/22;13/1/23;NA;NA;NA;En la carpeta aparecen mal ordenados
896;Joxy026_31;Rev08;17;22/12/22 10:12;13/1/23 11:14;22.04322917;22/12/22;13/1/23;NA;NA;NA;
897;Joxy027_25;Rev08;43;22/12/22 10:06;13/1/23 10:49;22.02972222;22/12/22;13/1/23;NA;NA;NA;
898;Joxy028_26;Rev08;40;22/12/22 11:48;13/1/23 12:03;22.01018519;22/12/22;13/1/23;NA;NA;NA;
899;Joxy029_28;Rev08;6;1/1/18 0:01;3/1/18 4:29;2.185856481;22/12/22;13/1/23;NA;TRUE;NA;
900;Joxy001_35;Rev09;36;13/1/23 11:01;28/1/23 12:30;15.06173611;13/1/23;1/2/23;NA;NA;NA;
901;Joxy002_22;Rev09;33;13/1/23 10:56;1/2/23 9:59;18.96074074;13/1/23;1/2/23;NA;NA;NA;
902;Joxy003_37;Rev09;70;13/1/23 11:09;1/2/23 9:51;18.94590278;13/1/23;1/2/23;NA;NA;NA;
903;Joxy004_32;Rev09;141;13/1/23 11:26;1/2/23 9:42;18.92805556;13/1/23;1/2/23;NA;NA;NA;
904;joxy006_40;rev_09;0;;;0;13/1/23;1/2/23;NA;NA;NA;Tarjeta vacia
905;Joxy007_09;Rev09;34;13/1/23 11:11;1/2/23 9:47;18.94157407;13/1/23;1/2/23;NA;NA;NA;
906;Joxy009_07;Rev09;43;13/1/23 11:41;1/2/23 10:23;18.94583333;13/1/23;1/2/23;NA;NA;NA;
907;joxy011_44;rev_09;0;;;0;13/1/23;1/2/23;NA;NA;NA;Tarjeta vacia
908;Joxy012_12;Rev09;379;13/1/23 11:37;1/2/23 10:18;18.94532407;13/1/23;1/2/23;NA;NA;NA;
909;Joxy014_02;Rev09;512;13/1/23 11:50;1/2/23 10:12;18.93256944;13/1/23;1/2/23;NA;NA;NA;
910;Joxy015_14;Rev09;436;13/1/23 11:33;17/1/23 17:08;4.233148148;13/1/23;1/2/23;NA;NA;NA;
911;Joxy016_16;Rev09;424;13/1/23 12:00;22/1/23 14:11;9.09099537;13/1/23;1/2/23;NA;NA;NA;
912;joxy017_51;rev_09;0;;;0;13/1/23;1/2/23;NA;NA;NA;Tarjeta vacia
913;joxy018_50;rev_09;0;;;0;13/1/23;1/2/23;NA;NA;NA;Tarjeta vacia
914;joxy019_49;rev_09;0;;;0;13/1/23;1/2/23;NA;NA;NA;Tarjeta vacia
915;joxy020_46;rev_09;0;;;0;13/1/23;1/2/23;NA;NA;NA;Tarjeta vacia
916;Joxy021_45;Rev09;405;14/1/23 18:42;22/1/23 16:48;7.920810185;13/1/23;1/2/23;NA;NA;NA;
917;Joxy022_21;Rev09;85;13/1/23 11:45;1/2/23 10:26;18.9450463;13/1/23;1/2/23;NA;NA;NA;
918;Joxy023_38;Rev09;56;23/1/18 1:18;11/2/18 0:14;18.95604167;13/1/23;1/2/23;NA;TRUE;NA;
919;Joxy024_42;Rev09;103;13/1/23 11:32;25/1/23 16:13;12.19523148;13/1/23;1/2/23;NA;NA;NA;
920;joxy025_41;rev_09;0;;;0;13/1/23;1/2/23;NA;NA;NA;Tarjeta vacia
921;Joxy026_31;Rev09;17;13/1/23 11:15;1/2/23 9:28;18.92576389;13/1/23;1/2/23;NA;NA;NA;
922;Joxy027_25;Rev09;84;13/1/23 10:49;1/2/23 9:23;18.94016204;13/1/23;1/2/23;NA;NA;NA;
923;Joxy028_26;Rev09;97;13/1/23 12:04;1/2/23 10:49;18.94844907;13/1/23;1/2/23;NA;NA;NA;
924;Joxy029_28;Rev09;4232;13/1/23 12:09;17/1/23 5:21;3.716134259;13/1/23;1/2/23;NA;NA;NA;
925;Joxy001_35;Rev10;10;1/2/23 10:02;23/2/23 10:41;22.02717593;1/2/23;23/2/23;NA;NA;NA;
926;Joxy002_22;Rev10;16;1/2/23 10:01;23/2/23 10:52;22.03555556;1/2/23;23/2/23;NA;NA;NA;
927;Joxy003_37;Rev10;7;1/2/23 9:53;23/2/23 10:56;22.04358796;1/2/23;23/2/23;NA;NA;NA;
928;Joxy004_32;Rev10;10;1/2/23 9:44;23/2/23 11:08;22.05844907;1/2/23;23/2/23;NA;NA;NA;
929;Joxy006_40;Rev10;61;1/2/23 9:33;23/2/23 11:09;22.06701389;1/2/23;23/2/23;NA;NA;NA;
930;Joxy007_09;Rev10;26;1/2/23 9:49;23/2/23 10:57;22.0475463;1/2/23;23/2/23;NA;NA;NA;
931;Joxy009_07;Rev10;17;1/2/23 10:24;23/2/23 12:09;22.07277778;1/2/23;23/2/23;NA;NA;NA;
932;Joxy011_44;Rev10;49;1/2/23 10:31;23/2/23 12:02;22.0631713;1/2/23;23/2/23;NA;NA;NA;
933;Joxy012_12;Rev10;24;1/2/23 10:19;23/2/23 12:12;22.07842593;1/2/23;23/2/23;NA;NA;NA;
934;Joxy014_02;Rev10;89;1/2/23 10:17;23/2/23 12:14;22.08113426;1/2/23;23/2/23;NA;NA;NA;
935;Joxy015_14;Rev10;65;1/1/20 0:00;21/1/20 9:03;20.3769213;1/2/23;23/2/23;NA;TRUE;NA;
936;Joxy016_16;Rev10;128;1/2/23 10:47;23/2/23 11:47;22.04141204;1/2/23;23/2/23;NA;NA;NA;
937;Joxy017_51;Rev10;21;1/2/23 10:46;23/2/23 11:52;22.04576389;1/2/23;23/2/23;NA;NA;NA;
938;Joxy018_50;Rev10;7;1/2/23 10:44;23/2/23 11:56;22.05039352;1/2/23;23/2/23;NA;NA;NA;
939;joxy019_49;rev_10;0;;;0;1/2/23;23/2/23;NA;NA;NA;Tarjeta vacia
940;Joxy020_46;Rev10;21;1/2/23 10:04;23/2/23 12:06;22.08453704;1/2/23;23/2/23;NA;NA;NA;
941;Joxy021_45;Rev10;1;3/2/23 16:43;3/2/23 16:43;0;1/2/23;23/2/23;NA;NA;NA;
942;Joxy022_21;Rev10;46;1/2/23 10:28;23/2/23 12:00;22.06405093;1/2/23;23/2/23;NA;NA;NA;
943;Joxy023_38;Rev10;42;1/2/23 9:59;23/2/23 10:49;22.03472222;1/2/23;23/2/23;NA;NA;NA;
944;joxy024_42;rev_10;0;;;0;1/2/23;23/2/23;NA;NA;NA;Tarjeta vacia
945;Joxy025_41;Rev10;40;1/2/23 9:35;12/2/23 14:43;11.2137037;1/2/23;23/2/23;NA;NA;NA;
946;Joxy026_31;Rev10;11;1/1/18 0:00;23/1/18 1:58;22.08162037;1/2/23;23/2/23;NA;TRUE;NA;
947;Joxy027_25;Rev10;39;1/2/23 9:26;23/2/23 11:34;22.08902778;1/2/23;23/2/23;NA;NA;NA;
948;Joxy028_26;Rev10;24;1/2/23 10:51;23/2/23 11:39;22.03388889;1/2/23;23/2/23;NA;NA;NA;
949;Joxy029_28;Rev10;145;1/2/23 10:54;23/2/23 11:39;22.03143519;1/2/23;23/2/23;NA;NA;NA;
950;joxy001_35;rev_11;0;;;0;23/2/23;10/3/23;NA;NA;NA;Camara robada
951;joxy002_22;rev_11;0;;;0;23/2/23;10/3/23;NA;NA;NA;Tarjeta robada
952;Joxy003_37;Rev11;1;10/3/23 11:56;10/3/23 11:56;0;23/2/23;10/3/23;NA;NA;NA;
953;Joxy004_32;Rev11;33;23/2/23 11:11;10/3/23 11:38;15.0187037;23/2/23;10/3/23;NA;NA;NA;
954;Joxy006_40;Rev11;16;23/2/23 11:12;10/3/23 11:23;15.00722222;23/2/23;10/3/23;NA;NA;NA;
955;Joxy007_09;Rev11;9;23/2/23 11:00;10/3/23 11:53;15.03715278;23/2/23;10/3/23;NA;NA;NA;
956;Joxy009_07;Rev11;80;23/2/23 12:11;10/3/23 12:34;15.01594907;23/2/23;10/3/23;NA;NA;NA;
957;Joxy011_44;Rev11;16;23/2/23 12:04;10/3/23 12:29;15.01712963;23/2/23;10/3/23;NA;NA;NA;
958;Joxy012_12;Rev11;25;23/2/23 12:14;10/3/23 12:35;15.01511574;23/2/23;10/3/23;NA;NA;NA;
959;Joxy014_02;Rev11;36;23/2/23 12:15;10/3/23 12:18;15.00212963;23/2/23;10/3/23;NA;NA;NA;
960;Joxy015_14;Rev11;166;22/1/20 2:00;23/1/20 4:20;1.097384259;23/2/23;10/3/23;NA;TRUE;NA;
961;Joxy016_16;Rev11;27;23/2/23 11:49;10/3/23 12:41;15.03597222;23/2/23;10/3/23;NA;NA;NA;
962;joxy017_51;rev_11;0;;;0;23/2/23;10/3/23;NA;NA;NA;Tarjeta vacia
963;Joxy018_50;Rev11;32;23/2/23 11:58;2/3/23 15:23;7.141875;23/2/23;10/3/23;NA;NA;NA;
964;joxy019_49;rev_11;0;;;0;23/2/23;10/3/23;NA;NA;NA;Tarjeta vacia
965;Joxy020_46;Rev11;13;23/2/23 12:09;10/3/23 12:06;14.99798611;23/2/23;10/3/23;NA;NA;NA;
966;joxy021_45;rev_11;0;;;0;23/2/23;10/3/23;NA;NA;NA;Tarjeta vac’a
967;Joxy022_21;Rev11;44;23/2/23 12:02;10/3/23 12:29;15.01905093;23/2/23;10/3/23;NA;NA;NA;
968;joxy023_38;rev_11;0;;;0;23/2/23;10/3/23;NA;NA;NA;Tarjeta robada
969;joxy024_42;rev_11;0;;;0;23/2/23;10/3/23;NA;NA;NA;Tarjeta vacia
970;joxy025_41;rev_11;0;23/2/23 11:30;8/3/23 16:01;13.18814815;23/2/23;10/3/23;NA;NA;NA;Tarjeta vacia
971;Joxy026_31;Rev11;11;23/1/18 11:30;7/2/18 11:20;14.99326389;23/2/23;10/3/23;NA;NA;NA;
972;Joxy027_25;Rev11;273;23/2/23 11:37;10/3/23 11:18;14.98731481;23/2/23;10/3/23;NA;NA;NA;
973;Joxy028_26;Rev11;21;23/2/23 11:42;10/3/23 12:43;15.04210648;23/2/23;10/3/23;NA;NA;NA;
974;Joxy029_28;Rev11;651;23/2/23 11:41;27/2/23 14:52;4.132800926;23/2/23;10/3/23;NA;NA;NA;