Deployment_ID;Revision_ID;Videos ;First video;Last video;Days;Videos/days;Setup date;Revision date;Days in field;Checked;Battery;Timestamp_Issues;Animal triggered;file_path;species;favourite;Comments
A01;rev_01;6;15/7/21;15/7/21;0.12;50.23;15/7/21;3/8/21;19;;NA;;;;;;
A01;rev_02;210;3/8/21;25/8/21;21.99;9.55;3/8/21;25/8/21;22;;NA;;;;;;
A01;rev_03;177;25/8/21;10/9/21;16.04;11.04;25/8/21;10/9/21;16;;NA;;;;;;
A02;rev_01;68;15/7/21;3/8/21;19.37;3.51;15/7/21;3/8/21;19;;NA;T;;;;;
A02;rev_02;1003;3/8/21;6/8/21;3.22;311.95;3/8/21;25/8/21;22;;NA;;;;;;
A02;rev_03;1003;25/8/21;8/9/21;14.26;70.34;25/8/21;10/9/21;16;;NA;;;;;;
A02;rev_04;21;10/9/21;27/9/21;17.03;1.23;10/9/21;27/9/21;17;;NA;;;;;;
A02;rev_05;11;27/9/21;8/10/21;10.96;1.00;27/9/21;8/10/21;11;;NA;;;;;;
A03;rev_01;175;15/7/21;23/7/21;8.21;21.31;15/7/21;3/8/21;19;;NA;;;;;;
A03;rev_02;0;;;0.00;;3/8/21;25/8/21;22;;NA;;;;;;
A03;rev_03;0;;;0.00;;25/8/21;10/9/21;16;;NA;;;;;;
A03;rev_04;91;10/9/21;17/9/21;7.14;12.74;10/9/21;27/9/21;17;;NA;;;;;;
A03;rev_05;1;27/9/21;27/9/21;0.00;;27/9/21;8/10/21;11;;NA;;;;;;
A04;rev_01;420;15/7/21;3/8/21;18.92;22.20;15/7/21;3/8/21;19;;NA;;;;;;
A04;rev_02;63;3/8/21;25/8/21;21.99;2.87;3/8/21;25/8/21;22;;NA;;;;;;
A04;rev_03;43;25/8/21;25/8/21;0.00;;25/8/21;10/9/21;16;;NA;;;;;;
A04;rev_04;12;10/9/21;27/9/21;17.04;0.70;10/9/21;27/9/21;17;;NA;;;;;;
A05;rev_01;1274;15/7/21;1/8/21;17.03;74.83;15/7/21;3/8/21;19;;NA;;;;;;
A05;rev_02;0;;;0.00;;3/8/21;25/8/21;22;;NA;;;;;;
A05;rev_03;309;25/8/21;9/9/21;15.14;20.41;25/8/21;10/9/21;16;;NA;;;;;;
A05;rev_04;68;10/9/21;26/9/21;16.07;4.23;10/9/21;27/9/21;17;;NA;;;;;;
A05;rev_05;24;27/9/21;7/10/21;9.98;2.41;27/9/21;8/10/21;11;;NA;;;;;;
A05;rev_06;29;8/10/21;21/10/21;12.73;2.28;8/10/21;21/10/21;13;;NA;;;;;;
A05;rev_07;59;21/10/21;2/11/21;11.91;4.95;21/10/21;3/11/21;13;;NA;;;;;;
A05;rev_08;310;3/11/21;17/11/21;14.20;21.82;3/11/21;18/11/21;15;;NA;;;;;;
A06;rev_01;547;15/7/21;25/7/21;10.17;53.78;15/7/21;3/8/21;19;;NA;;;;;;
A06;rev_02;549;3/8/21;7/8/21;4.23;129.86;3/8/21;25/8/21;22;;NA;;;;;;
A06;rev_03;120;25/8/21;28/8/21;3.20;37.44;25/8/21;10/9/21;16;;NA;;;;;;
A06;rev_04;37;10/9/21;27/9/21;16.94;2.18;10/9/21;27/9/21;17;;NA;;;;;;
A06;rev_05;10;27/9/21;8/10/21;10.96;0.91;27/9/21;8/10/21;11;;NA;;;;;;
A06;rev_06;14;8/10/21;21/10/21;12.90;1.09;8/10/21;21/10/21;13;;NA;;;;;;
A06;rev_07;31;21/10/21;3/11/21;13.00;2.39;21/10/21;3/11/21;13;;NA;;;;;;
A07;rev_01;293;15/7/21;3/8/21;18.88;15.52;15/7/21;3/8/21;19;;NA;;;;;;
A07;rev_02;60;3/8/21;25/8/21;22.01;2.73;3/8/21;25/8/21;22;;NA;;;;;;
A07;rev_03;564;25/8/21;10/9/21;15.80;35.70;25/8/21;10/9/21;16;;NA;;;;;;
A07;rev_04;4;10/9/21;27/9/21;17.05;0.23;10/9/21;27/9/21;17;;NA;;;;;;
A08;rev_01;570;15/7/21;19/7/21;4.24;134.43;15/7/21;3/8/21;19;;NA;T;;;;;
A08;rev_02;564;3/8/21;5/8/21;2.27;248.98;3/8/21;25/8/21;22;;NA;;;;;;
A08;rev_03;493;25/8/21;31/8/21;6.12;80.51;25/8/21;10/9/21;16;;NA;;;;;;
A08;rev_04;75;10/9/21;26/9/21;16.09;4.66;10/9/21;27/9/21;17;;NA;;;;;;
A08;rev_05;21;27/9/21;8/10/21;10.95;1.92;27/9/21;8/10/21;11;;NA;;;;;;
A08;rev_06;35;8/10/21;20/10/21;12.16;2.88;8/10/21;21/10/21;13;;NA;;;;;;
A08;rev_07;13;21/10/21;3/11/21;13.00;1.00;21/10/21;3/11/21;13;;NA;;;;;;
A08;rev_08;46;3/11/21;18/11/21;15.00;3.07;3/11/21;18/11/21;15;;NA;;;;;;
A09;rev_01;0;;;0.00;;15/7/21;3/8/21;19;;NA;;;;;;
A09;rev_02;62;3/8/21;7/8/21;4.02;15.43;3/8/21;25/8/21;22;;NA;;;;;;
A09;rev_03;0;;;0.00;;25/8/21;10/9/21;16;;NA;;;;;;
A09;rev_04;0;;;0.00;;10/9/21;27/9/21;17;;NA;;;;;;
A09;rev_06;0;;;0.00;;8/10/21;21/10/21;13;;NA;;;;;;
A09;rev_07;39;21/10/21;1/11/21;10.92;3.57;21/10/21;3/11/21;13;;NA;;;;;;
A09;rev_08;69;4/11/21;17/11/21;13.30;5.19;3/11/21;18/11/21;15;;NA;;;;;;
A10;rev_01;25;15/7/21;24/7/21;9.09;2.75;15/7/21;3/8/21;19;;NA;;;;;;
A10;rev_02;17;31/12/17;10/1/18;9.37;1.81;3/8/21;25/8/21;22;;NA;T;;;;;
A10;rev_03;19;31/12/17;11/1/18;10.32;1.84;25/8/21;10/9/21;16;;NA;T;;;;;
A10;rev_04;13;2/1/18;10/1/18;7.92;1.64;10/9/21;27/9/21;17;;NA;T;;;;;
A10;rev_05;4;31/12/17;2/1/18;1.33;3.01;27/9/21;8/10/21;11;;NA;;;;;;
A11;rev_01;36;17/7/21;3/8/21;16.73;2.15;15/7/21;3/8/21;19;;NA;;;;;;
A11;rev_02;15;3/8/21;22/8/21;19.02;0.79;3/8/21;25/8/21;22;;NA;;;;;;
A11;rev_03;0;;;0.00;;25/8/21;10/9/21;16;;NA;;;;;;
A11;rev_04;6;10/9/21;27/9/21;17.05;0.35;10/9/21;27/9/21;17;;NA;;;;;;
A11;rev_05;23;27/9/21;8/10/21;10.96;2.10;27/9/21;8/10/21;11;;NA;;;;;;
A11;rev_06;33;8/10/21;21/10/21;12.85;2.57;8/10/21;21/10/21;13;;NA;;;;;;
A11;rev_07;17;22/10/21;3/11/21;12.24;1.39;21/10/21;3/11/21;13;;NA;;;;;;
A11;rev_08;29;5/11/21;18/11/21;12.85;2.26;3/11/21;18/11/21;15;;NA;;;;;;
A12;rev_01;396;15/7/21;21/7/21;6.04;65.58;15/7/21;3/8/21;19;;NA;;;;;;
A12;rev_02;0;;;0.00;;3/8/21;25/8/21;22;;NA;;;;;;
A12;rev_03;198;25/8/21;29/8/21;4.06;48.81;25/8/21;10/9/21;16;;NA;;;;;;
A12;rev_04;0;;;0.00;;10/9/21;27/9/21;17;;NA;;;;;;
A12;rev_05;0;;;0.00;;27/9/21;8/10/21;11;;NA;;;;;;
A12;rev_06;0;;;0.00;;8/10/21;21/10/21;13;;NA;;;;;;
A12;rev_07;19;1/1/15;13/1/15;12.13;1.57;21/10/21;3/11/21;13;;NA;T;;;;;
A12;rev_08;53;14/1/15;29/1/15;14.93;3.55;3/11/21;18/11/21;15;;NA;;;;;;
A13;rev_01;567;15/7/21;3/8/21;18.98;29.88;15/7/21;3/8/21;19;;NA;T;;;;;
A13;rev_02;201;3/8/21;25/8/21;21.83;9.21;3/8/21;25/8/21;22;;NA;;;;;;
A13;rev_03;30;25/8/21;10/9/21;16.04;1.87;25/8/21;10/9/21;16;;NA;;;;;;
A14;rev_01;18;15/7/21;3/8/21;18.58;0.97;15/7/21;3/8/21;19;;NA;;;;;;
A14;rev_02;9;3/8/21;25/8/21;22.02;0.41;3/8/21;25/8/21;22;;NA;;;;;;
A14;rev_03;0;;;0.00;;25/8/21;10/9/21;16;;NA;;;;;;
A14;rev_04;4;11/9/21;26/9/21;14.70;0.27;10/9/21;27/9/21;17;;NA;;;;;;
A15;rev_01;576;15/7/21;25/7/21;10.02;57.46;15/7/21;3/8/21;19;;NA;;;;;;
A15;rev_02;531;3/8/21;8/8/21;5.27;100.77;3/8/21;25/8/21;22;;NA;;;;;;
A15;rev_03;513;25/8/21;31/8/21;6.04;84.93;25/8/21;10/9/21;16;;NA;;;;;;
A15;rev_04;266;10/9/21;27/9/21;16.96;15.69;10/9/21;27/9/21;17;;NA;;;;;;
A16;rev_01;14;15/7/21;3/8/21;18.45;0.76;15/7/21;3/8/21;19;;NA;;;;;;
A16;rev_02;18;3/8/21;21/8/21;18.21;0.99;3/8/21;25/8/21;22;;NA;;;;;;
A16;rev_03;0;;;0.00;;25/8/21;10/9/21;16;;NA;;;;;;
A17;rev_01;510;15/7/21;2/8/21;18.15;28.10;15/7/21;3/8/21;19;;NA;;;;;;
A17;rev_02;146;3/8/21;24/8/21;21.21;6.88;3/8/21;25/8/21;22;;NA;;;;;;
A17;rev_03;2;26/8/21;26/8/21;0.03;77.84;25/8/21;10/9/21;16;;NA;;;;;;
A17;rev_04;39;10/9/21;27/9/21;17.05;2.29;10/9/21;27/9/21;17;;NA;;;;;;
A17;rev_05;14;28/9/21;8/10/21;9.77;1.43;27/9/21;8/10/21;11;;NA;;;;;;
A17;rev_06;0;;;0.00;;8/10/21;21/10/21;13;;NA;;;;;;
A17;rev_07;8;21/10/21;31/10/21;10.41;0.77;21/10/21;3/11/21;13;;NA;;;;;;
A17;rev_08;19;3/11/21;18/11/21;14.97;1.27;3/11/21;18/11/21;15;;NA;;;;;;
A18;rev_01;159;15/7/21;17/7/21;2.17;73.24;15/7/21;3/8/21;19;;NA;;;;;;
A18;rev_02;0;;;0.00;;3/8/21;25/8/21;22;;NA;;;;;;
A18;rev_03;0;;;0.00;;25/8/21;10/9/21;16;;NA;;;;;;
A18;rev_04;0;;;0.00;;10/9/21;27/9/21;17;;NA;;;;;;
A18;rev_05;0;;;0.00;;27/9/21;8/10/21;11;;NA;;;;;;
A18;rev_06;19;8/10/21;9/10/21;1.35;14.02;8/10/21;21/10/21;13;;NA;;;;;;
A18;rev_07;0;;;0.00;;21/10/21;3/11/21;13;;NA;;;;;;
A18;rev_08;0;;;0.00;;3/11/21;18/11/21;15;;NA;;;;;;
A19;rev_01;578;15/7/21;19/7/21;4.29;134.72;15/7/21;3/8/21;19;;NA;;;;;;
A19;rev_02;511;3/8/21;3/8/21;0.35;1440.00;3/8/21;25/8/21;22;;NA;;;;;;
A19;rev_03;0;;;0.00;;25/8/21;10/9/21;16;;NA;;;;;;
A19;rev_04;574;10/9/21;11/9/21;1.17;489.67;10/9/21;27/9/21;17;;NA;;;;;;
A19;rev_05;598;27/9/21;7/10/21;10.12;59.07;27/9/21;8/10/21;11;;NA;;;;;;
A19;rev_06;384;8/10/21;21/10/21;12.86;29.86;8/10/21;21/10/21;13;;NA;;;;;;
A19;rev_07;68;2/11/21;2/11/21;0.00;;21/10/21;3/11/21;13;;NA;;;;;;
A20;rev_01;899;15/7/21;22/7/21;7.24;124.21;15/7/21;3/8/21;19;;NA;;;;;;
A20;rev_02;95;3/8/21;5/8/21;2.09;45.37;3/8/21;25/8/21;22;;NA;;;;;;
A20;rev_03;0;;;0.00;;25/8/21;10/9/21;16;;NA;;;;;;
A20;rev_04;137;11/9/21;26/9/21;15.26;8.98;10/9/21;27/9/21;17;;NA;;;;;;
A20;rev_05;17;27/9/21;5/10/21;8.15;2.09;27/9/21;8/10/21;11;;NA;;;;;;
A21;rev_01;0;;;0.00;;15/7/21;3/8/21;19;;NA;;;;;;
A21;rev_02;73;3/8/21;25/8/21;21.25;3.43;3/8/21;25/8/21;22;;NA;;;;;;
A21;rev_03;34;26/8/21;10/9/21;14.88;2.29;25/8/21;10/9/21;16;;NA;;;;;;
A21;rev_04;31;10/9/21;26/9/21;16.04;1.93;10/9/21;27/9/21;17;;NA;;;;;;
A21;rev_05;31;8/10/21;8/10/21;0.00;;27/9/21;8/10/21;11;;NA;;;;;;
A21;rev_06;24;8/10/21;21/10/21;12.86;1.87;8/10/21;21/10/21;13;;NA;;;;;;
A21;rev_07;19;21/10/21;2/11/21;12.16;1.56;21/10/21;3/11/21;13;;NA;;;;;;
A21;rev_08;39;3/11/21;17/11/21;14.15;2.76;3/11/21;18/11/21;15;;NA;;;;;;
A22;rev_01;161;15/7/21;3/8/21;18.98;8.48;15/7/21;3/8/21;19;;NA;T;;;;;
A22;rev_02;56;3/8/21;24/8/21;20.76;2.70;3/8/21;25/8/21;22;;NA;;;;;;
A22;rev_03;146;25/8/21;10/9/21;15.53;9.40;25/8/21;10/9/21;16;;NA;;;;;;
A22;rev_04;35;10/9/21;25/9/21;15.17;2.31;10/9/21;27/9/21;17;;NA;;;;;;
A23;rev_01;575;15/7/21;2/8/21;18.42;31.22;15/7/21;3/8/21;19;;NA;;;;;;
A23;rev_02;587;3/8/21;8/8/21;5.11;114.80;3/8/21;25/8/21;22;;NA;;;;;;
A23;rev_03;463;25/8/21;28/8/21;3.21;144.28;25/8/21;10/9/21;16;;NA;;;;;;
A23;rev_04;605;10/9/21;20/9/21;10.09;59.98;10/9/21;27/9/21;17;;NA;;;;;;
A24;rev_01;63;15/7/21;3/8/21;18.90;3.33;15/7/21;3/8/21;19;;NA;;;;;;
A24;rev_02;35;3/8/21;24/8/21;20.87;1.68;3/8/21;25/8/21;22;;NA;;;;;;
A24;rev_03;6;30/8/21;7/9/21;7.39;0.81;10/9/21;10/9/21;0;;NA;;;;;;
A24;rev_04;3;12/9/21;27/9/21;14.78;0.20;10/9/21;27/9/21;17;;NA;;;;;;
A24;rev_05;4;27/9/21;4/10/21;6.96;0.57;27/9/21;8/10/21;11;;NA;;;;;;
Aspa001_30;rev_01;134;18/11/21;30/11/21;12.92;10.37;18/11/21;1/12/21;13;;100;F;;;;;
Aspa001_30;rev_02;100;30/11/21;15/12/21;14.93;6.70;1/12/21;15/12/21;14;;100;F;;;;;
Aspa001_30;rev_03;133;15/12/21;13/1/22;28.13;4.73;15/12/21;13/1/22;29;;100;F;;;;;
Aspa002_32;rev_01;33;18/11/21;30/11/21;12.92;2.55;18/11/21;1/12/21;13;;100;F;;;;;
Aspa002_32;rev_02;228;1/12/21;15/12/21;14.01;16.28;1/12/21;15/12/21;14;;100;F;;;;;
Aspa002_32;rev_03;342;15/12/21;13/1/22;28.12;12.16;15/12/21;13/1/22;29;;100;F;;;;;
Aspa003_28;rev_01;305;18/11/21;19/11/21;0.98;312.60;18/11/21;1/12/21;13;;0;F;;;;;
Aspa003_28;rev_02;399;1/12/21;5/12/21;4.05;98.59;1/12/21;15/12/21;14;;0;F;;;;;
Aspa003_28;rev_03;49;15/12/21;23/12/21;7.13;6.87;15/12/21;13/1/22;29;;;T;;;;;
Aspa004_36;rev_04;269;12/1/22;26/1/22;13.99;19.23;13/1/22;26/1/22;13;;8;F;;;;;
Aspa004_36;rev_05;146;26/1/22;9/2/22;13.85;10.54;26/1/22;9/2/22;14;;100;F;;;;;
Aspa004_36;rev_06;182;9/2/22;22/2/22;13.06;13.93;9/2/22;22/2/22;13;;100;F;;;;;
Aspa005_36;rev_01;307;18/11/21;1/12/21;13.04;23.55;18/11/21;1/12/21;13;;90;F;;;;;
Aspa005_36;rev_02;224;1/12/21;15/12/21;13.91;16.10;1/12/21;15/12/21;14;;66;F;;;;;
Aspa005_36;rev_03;392;15/12/21;12/1/22;28.04;13.98;15/12/21;13/1/22;29;;35;F;;;;;
Aspa006_35;rev_01;579;18/11/21;26/11/21;8.06;71.83;18/11/21;1/12/21;13;;90;F;;;;;
Aspa006_35;rev_02;302;1/12/21;15/12/21;13.92;21.70;1/12/21;15/12/21;14;;65;F;;;;;
Aspa006_35;rev_03;95;15/12/21;12/1/22;28.05;3.39;15/12/21;13/1/22;29;;54;F;;;;;
Aspa007_34;rev_01;339;18/11/21;1/12/21;13.05;25.99;18/11/21;1/12/21;13;;100;F;;;;;
Aspa007_34;rev_02;595;1/12/21;4/12/21;3.11;191.34;1/12/21;15/12/21;14;;100;F;;;;;
Aspa007_34;rev_03;102;15/12/21;12/1/22;28.05;3.64;15/12/21;13/1/22;29;;97;F;;;;;
Aspa008_06;rev_01;420;23/11/21;30/11/21;7.04;59.64;18/11/21;1/12/21;13;;;F;;;;;
Aune_001_19;rev_01;399;26/10/21;27/10/21;1.00;399.00;26/10/21;9/11/21;14;;59;F;;;;;This arbutus was the first and only one we set in the begenning (alone in rev1 ). 
Aune_001_19;rev_02;511;9/11/21;17/11/21;7.96;64.16;9/11/21;23/11/21;14;;100;F;;;;;
Aune_001_19;rev_04;502;23/11/21;3/12/21;9.86;50.91;23/11/21;10/12/21;17;;100;F;;;;;
Aune_001_19;rev_06;443;10/12/21;25/12/21;15.15;29.24;10/12/21;12/1/22;33;;100;F;;;;;
Aune_002_31;rev_02;141;9/11/21;23/11/21;13.96;10.10;9/11/21;23/11/21;14;;53;F;;;;;
Aune_002_31;rev_04;562;23/11/21;8/12/21;15.12;37.16;23/11/21;10/12/21;17;;100;F;;;;;
Aune_002_31;rev_06;293;10/12/21;12/1/22;33.08;8.86;15/12/21;12/1/22;28;;90;F;;;;;
Aune_003_25;rev_02;107;9/11/21;23/11/21;13.96;7.67;9/11/21;23/11/21;14;;70;F;;;;;
Aune_003_25;rev_04;548;23/11/21;10/12/21;16.87;32.48;23/11/21;10/12/21;17;;45;F;;;;;
Aune_003_25;rev_06;569;10/12/21;12/1/22;33.08;17.20;15/12/21;12/1/22;28;;17;F;;;;;
Aune_003_25;rev_07;524;12/1/22;25/1/22;13.31;39.38;12/1/22;26/1/22;14;;100;F;;;;;
Aune_003_25;rev_08;478;26/1/22;2/2/22;6.83;70.03;26/1/22;9/2/22;14;;80;F;;;;;
Aune_003_25;rev_09;460;9/2/22;13/2/22;4.16;110.70;9/2/22;22/2/22;13;;51;F;;;;;
Aune_003_25;rev_10;590;2/2/22;4/3/22;30.09;19.61;22/2/22;17/3/22;23;;35;F;;;;;
Aune_003_33;rev_04;173;23/11/21;9/12/21;16.12;10.73;23/11/21;10/12/21;17;;40;F;;;;;
Aune_003_33;rev_06;26;10/12/21;12/1/22;32.98;0.79;15/12/21;12/1/22;28;;25;F;;;;;
Aune_003_33;rev_07;24;12/1/22;26/1/22;14.09;1.70;12/1/22;26/1/22;14;;100;F;;;;;
Aune_003_33;rev_08;35;27/1/22;9/2/22;12.97;2.70;26/1/22;9/2/22;14;;100;F;;;;;
Aune_003_33;rev_09;42;9/2/22;22/2/22;13.01;3.23;9/2/22;22/2/22;13;;100;F;;;;;
Aune_003_33;rev_10;67;22/2/22;17/3/22;22.97;2.92;22/2/22;17/3/22;23;;66;F;;;;;
Aune_004_01;rev_03;373;23/11/21;25/11/21;1.94;191.90;23/11/21;1/12/21;8;;54;F;;;;;
Aune_004_01;rev_04;366;1/12/21;2/12/21;0.99;370.37;23/11/21;10/12/21;17;;0;F;;;;;
Aune_004_01;rev_05;441;10/12/21;11/12/21;1.16;379.58;1/12/21;15/12/21;14;;0;F;;;;;
Aune_004_01;rev_06;469;15/12/21;16/12/21;1.28;366.45;15/12/21;12/1/22;28;;66;F;;;;;
Aune_005_44;rev_04;52;1/12/21;9/12/21;7.80;6.67;23/11/21;10/12/21;17;;30;F;;;;;
Aune_005_44;rev_06;729;31/12/21;1/1/22;0.37;1958.51;15/12/21;12/1/22;28;;75;F;;;;;Problemas con el formato de video
Aune_005_44;rev_07;1131;12/1/22;26/1/22;14.07;80.39;12/1/22;26/1/22;14;;75;F;;;;;
Aune_005_44;rev_08;844;26/1/22;6/2/22;11.02;76.59;26/1/22;9/2/22;14;;0;F;;;;;
Aune_005_44;rev_09;1231;9/2/22;22/2/22;13.01;94.63;9/2/22;22/2/22;13;;25;F;;;;;
Aune_005_45;rev_04;0;1/12/21;1/12/21;0.00;0.00;23/11/21;10/12/21;17;;25;F;;;;;
Aune_005_45;rev_06;134;10/12/21;12/1/22;32.72;4.10;15/12/21;12/1/22;28;;75;F;;;;;Problemas con la tarjeta. Sale un RUBUS!!!
Aune_005_45;rev_07;854;12/1/22;21/1/22;9.19;92.89;12/1/22;26/1/22;14;;0;F;;;;;
Aune_005_45;rev_08;270;26/1/22;9/2/22;13.89;19.43;26/1/22;9/2/22;14;;0;F;;;;;
Aune_005_45;rev_09;168;9/2/22;17/2/22;8.00;20.99;9/2/22;22/2/22;13;;0;F;;;;;
Aune_006_46;rev_04;62;1/12/21;10/12/21;8.79;7.06;23/11/21;10/12/21;17;;100;F;;;;;
Aune_006_46;rev_06;135;10/12/21;11/1/22;32.26;4.18;15/12/21;12/1/22;28;;;F;;;;;Problemas con el formato de video y fecha
Aune_007_19;rev_07;427;12/1/22;26/1/22;14.09;30.31;12/1/22;26/1/22;14;;75;F;;;;;
Aune_007_19;rev_08;349;26/1/22;9/2/22;13.90;25.11;26/1/22;9/2/22;14;;79;F;;;;;
Aune_007_19;rev_09;50;9/2/22;22/2/22;13.01;3.84;9/2/22;22/2/22;13;;49;F;;;;;
Aune_007_19;rev_10;31;22/2/22;17/3/22;23.04;1.35;22/2/22;17/3/22;23;;80;F;;;;;
Aune_007_31;rev_07;376;12/1/22;26/1/22;14.05;26.76;12/1/22;26/1/22;14;;55;F;;;;;
Aune_007_31;rev_08;264;26/1/22;9/2/22;13.90;19.00;26/1/22;9/2/22;14;;80;F;;;;;
Aune_007_31;rev_09;116;9/2/22;22/2/22;13.01;8.92;9/2/22;22/2/22;13;;35;F;;;;;
Aune_007_31;rev_10;118;22/2/22;17/3/22;23.04;5.12;22/2/22;17/3/22;23;;33;F;;;;;
Joxy001_21;rev_01;51;16/12/21;13/1/22;27.79;1.83;16/12/21;13/1/22;28;;100;T;;;;;
Joxy001_21;rev_02;50;28/1/20;15/2/20;18.00;2.78;13/1/22;31/1/22;18;;100;;;;;;
Joxy001_21;rev_03;31;31/1/22;23/2/22;23.01;1.35;31/1/22;22/2/22;22;;100;;;;;;
Joxy001_21;rev_04;189;21/2/22;29/3/22;35.85;5.27;22/2/22;29/3/22;35;;99;;;;;;
Joxy001_21;rev_05;420;29/3/22;3/5/22;35.03;11.99;29/3/22;3/5/22;35;;57;;;;;;
Joxy002_11;rev_01;62;16/12/21;13/1/22;27.84;2.23;16/12/21;13/1/22;28;;49;;;;;;
Joxy002_11;rev_02;15;13/1/22;31/1/22;18.00;0.83;13/1/22;31/1/22;18;;50;;;;;;
Joxy002_11;rev_03;132;31/1/22;22/2/22;22.16;5.96;31/1/22;22/2/22;22;;64;;;;;;
Joxy002_11;rev_04;559;22/2/22;29/3/22;34.85;16.04;22/2/22;29/3/22;35;;39;;;;;;
Joxy002_11;rev_05;501;29/3/22;31/3/22;2.37;211.32;29/3/22;3/5/22;35;;96;;;;;;
Joxy003_08;rev_01;156;16/12/21;13/1/22;27.88;5.60;16/12/21;13/1/22;28;;59;;;;;;
Joxy003_08;rev_02;27;13/1/22;31/1/22;18.00;1.50;13/1/22;31/1/22;18;;56;;;;;;
Joxy003_08;rev_03;262;31/1/22;22/2/22;22.17;11.82;31/1/22;22/2/22;22;;64;;;;;;
Joxy003_08;rev_04;762;22/2/22;7/3/22;13.03;58.49;22/2/22;29/3/22;35;;30;;;;;;
Joxy003_08;rev_05;528;29/3/22;31/3/22;2.30;229.70;29/3/22;3/5/22;35;;59;;;;;;
Joxy004_37;rev_01;12;16/12/21;13/1/22;27.85;0.43;16/12/21;13/1/22;28;;100;;;;;;
Joxy004_37;rev_02;11;13/1/22;31/1/22;18.01;0.61;13/1/22;31/1/22;18;;100;;;;;;
Joxy004_37;rev_03;14;31/1/22;22/2/22;22.18;0.63;31/1/22;22/2/22;22;;100;;;;;;
Joxy004_37;rev_04;618;22/2/22;21/3/22;27.11;22.79;22/2/22;29/3/22;35;;81;;;;;;
Joxy004_37;rev_05;521;29/3/22;30/3/22;1.14;457.46;29/3/22;3/5/22;35;;0;;;;;;
Joxy005_13;rev_01;19;18/12/21;13/1/22;26.31;0.72;16/12/21;13/1/22;28;;20;;;;;;
Joxy005_13;rev_02;29;13/1/22;31/1/22;18.00;1.61;13/1/22;31/1/22;18;;100;;;;;;
Joxy005_13;rev_03;29;31/1/22;22/2/22;22.17;1.31;31/1/22;22/2/22;22;;100;;;;;;
Joxy005_13;rev_04;160;22/2/22;29/3/22;34.84;4.59;22/2/22;29/3/22;35;;100;;;;;;
Joxy005_13;rev_05;153;29/3/22;3/5/22;35.05;4.37;29/3/22;3/5/22;35;;100;;;;;;
Joxy006_22;rev_01;62;16/12/21;13/1/22;27.85;2.23;16/12/21;13/1/22;28;;100;;;;;;
Joxy006_22;rev_02;31;13/1/22;31/1/22;18.00;1.72;13/1/22;31/1/22;18;;100;;;;;;
Joxy006_22;rev_03;46;31/1/22;22/2/22;22.18;2.07;31/1/22;22/2/22;22;;100;;;;;;
Joxy006_22;rev_04;139;22/2/22;29/3/22;34.84;3.99;22/2/22;29/3/22;35;;100;;;;;;
Joxy006_22;rev_05;388;29/3/22;3/5/22;35.05;11.07;29/3/22;3/5/22;35;;100;;;;;;
Joxy007_23;rev_01;37;16/12/21;13/1/22;27.85;1.33;16/12/21;13/1/22;28;;57;;;;;;
Joxy007_23;rev_02;29;13/1/22;31/1/22;18.00;1.61;13/1/22;31/1/22;18;;59;;;;;;
Joxy007_23;rev_03;29;31/1/22;22/2/22;22.19;1.31;31/1/22;22/2/22;22;;68;;;;;;
Joxy007_23;rev_04;46;22/2/22;29/3/22;34.82;1.32;22/2/22;29/3/22;35;;51;;;;;;
Joxy007_23;rev_05;120;29/3/22;3/5/22;35.04;3.42;29/3/22;3/5/22;35;;51;;;;;;
Joxy008_24;rev_01;29;16/12/21;13/1/22;27.83;1.04;16/12/21;13/1/22;28;;99;;;;;;
Joxy008_24;rev_02;16;13/1/22;31/1/22;18.00;0.89;13/1/22;31/1/22;18;;98;;;;;;
Joxy008_24;rev_03;11;31/1/22;22/2/22;22.17;0.50;31/1/22;22/2/22;22;;100;;;;;;
Joxy008_24;rev_04;64;22/2/22;29/3/22;34.84;1.84;22/2/22;29/3/22;35;;100;;;;;;
Joxy008_24;rev_05;495;29/3/22;3/5/22;35.08;14.11;29/3/22;3/5/22;35;;88;;;;;;
Joxy009_39;rev_01;35;16/12/21;13/1/22;27.83;1.26;16/12/21;13/1/22;28;;100;;;;;;
Joxy009_39;rev_02;54;13/1/22;31/1/22;18.01;3.00;13/1/22;31/1/22;18;;100;;;;;;
Joxy009_39;rev_03;22;31/1/22;22/2/22;22.17;0.99;31/1/22;22/2/22;22;;100;;;;;;
Joxy009_39;rev_04;146;22/2/22;29/3/22;34.84;4.19;22/2/22;29/3/22;35;;100;;;;;;
Joxy009_39;rev_05;573;29/3/22;11/4/22;13.24;43.26;29/3/22;3/5/22;35;;95;;;;;;
Joxy010_51;rev_01;117;16/12/21;9/1/22;23.80;4.92;16/12/21;13/1/22;28;;100;;;;;;
Joxy010_51;rev_02;2;13/1/22;13/1/22;0.00;1440.00;13/1/22;31/1/22;18;;0;T;;;;;
Joxy010_51;rev_03;823;31/1/22;22/2/22;22.10;37.24;31/1/22;22/2/22;22;;75;;;;;;
Joxy010_51;rev_04;610;22/2/22;29/3/22;34.85;17.51;22/2/22;29/3/22;35;;25;;;;;;
Joxy010_51;rev_05;1450;29/3/22;2/5/22;34.05;42.59;29/3/22;3/5/22;35;;100;;;;;;
Joxy011_38;rev_01;89;16/12/21;13/1/22;27.82;3.20;16/12/21;13/1/22;28;;89;;;;;;
Joxy011_38;rev_02;20;13/1/22;31/1/22;18.01;1.11;13/1/22;31/1/22;18;;62;;;;;;
Joxy011_38;rev_03;125;1/2/22;22/2/22;21.20;5.89;31/1/22;22/2/22;22;;69;;;;;;
Joxy011_38;rev_04;289;22/2/22;29/3/22;34.85;8.29;22/2/22;29/3/22;35;;45;;;;;;
Joxy011_38;rev_05;148;1/5/22;3/6/22;33.95;4.36;29/3/22;3/5/22;35;;100;T;;;;;
Joxy012_50;rev_01;39;16/12/21;13/1/22;27.81;1.40;16/12/21;13/1/22;28;;100;;;;;;
Joxy012_50;rev_02;17;13/1/22;31/1/22;18.00;0.94;13/1/22;31/1/22;18;;100;;;;;;
Joxy012_50;rev_03;47;31/1/22;21/2/22;20.56;2.29;31/1/22;22/2/22;22;;100;;;;;;
Joxy012_50;rev_04;42;22/2/22;29/3/22;34.84;1.21;22/2/22;29/3/22;35;;100;;;;;;
Joxy012_50;rev_05;250;29/3/22;3/5/22;35.05;7.13;29/3/22;3/5/22;35;;100;;;;;;
Joxy013_49;rev_01;304;16/12/21;6/1/22;20.87;14.57;16/12/21;13/1/22;28;;0;;;;;;
Joxy013_49;rev_02;675;13/1/22;29/1/22;16.36;41.26;13/1/22;31/1/22;18;;20;;;;;;
Joxy013_49;rev_03;779;31/1/22;22/2/22;22.05;35.33;31/1/22;22/2/22;22;;75;;;;;;
Joxy013_49;rev_04;421;22/2/22;29/3/22;34.83;12.09;22/2/22;29/3/22;35;;25;;;;;;
Joxy013_49;rev_05;835;29/3/22;9/4/22;11.21;74.48;29/3/22;3/5/22;35;;100;;;;;;
Mcom_001_26;rev_01;336;14/10/21;16/10/21;1.64;205.40;14/10/21;26/10/21;12;;;;;;;;
Mcom_001_26;rev_02;399;26/10/21;27/10/21;1.36;293.62;26/10/21;9/11/21;14;;;;;;;;
Mcom_001_26;rev_03;240;9/11/21;9/11/21;0.14;1739.31;9/11/21;18/11/21;9;;;;;;;;
Mcom_001_26;rev_04;420;18/11/21;19/11/21;0.62;673.13;18/11/21;23/11/21;5;;;;;;;;
Mcom_001_26;rev_05;712;23/11/21;28/11/21;5.11;139.42;23/11/21;1/12/21;8;;;;;;;;
Mcom_002_12;rev_03;317;9/11/21;17/11/21;8.24;38.48;9/11/21;18/11/21;9;;;;;;;;
Mcom_002_12;rev_04;421;18/11/21;23/11/21;5.04;83.57;18/11/21;23/11/21;5;;;;;;;;
Mcom_002_12;rev_05;356;23/11/21;25/11/21;1.97;180.89;23/11/21;1/12/21;8;;;;;;;;
Mcom_002_12;rev_06;513;1/12/21;5/12/21;4.03;127.26;1/12/21;15/12/21;14;;;;;;;;
Mcom_002_12;rev_07;298;15/12/21;12/1/22;28.05;10.62;15/12/21;12/1/22;28;;;;;;;;
Mcom_002_12;rev_08;124;12/1/22;26/1/22;14.00;8.86;12/1/22;26/1/22;14;;;;;;;;
Mcom_003_06;rev_06;185;1/12/21;1/12/21;0.12;1557.89;1/12/21;15/12/21;14;;;;;;;;
Mcom_003_06;rev_07;68;15/12/21;15/12/21;0.08;866.55;15/12/21;12/1/22;28;;;;;;;;
Mcom_003_06;rev_08;191;12/1/22;12/1/22;0.11;1697.78;12/1/22;26/1/22;14;;;;;;;;
Mcom_003_06;rev_09;98;26/1/22;26/1/22;0.08;1227.13;26/1/22;9/2/22;14;;;;;;;;
Mcom_003_06;rev_10;364;9/2/22;9/2/22;0.24;1506.21;9/2/22;22/2/22;13;;;;;;;;
Mcom_003_06;rev_11;89;22/2/22;22/2/22;0.08;1086.10;22/2/22;17/3/22;23;;;;;;;;
Mcom_004_27;rev_06;50;1/12/21;15/12/21;13.91;3.59;1/12/21;15/12/21;14;;;;;;;;
Mcom_004_27;rev_07;136;15/12/21;12/1/22;27.80;4.89;15/12/21;12/1/22;28;;;;;;;;
Mcom_004_27;rev_08;82;12/1/22;26/1/22;13.94;5.88;12/1/22;26/1/22;14;;;;;;;;
Mcom_004_27;rev_09;130;26/1/22;9/2/22;13.90;9.36;26/1/22;9/2/22;14;;;;;;;;
Mcom_004_27;rev_10;356;9/2/22;22/2/22;13.01;27.36;9/2/22;22/2/22;13;;;;;;;;
Mcom_004_27;rev_11;521;22/2/22;3/3/22;9.37;55.59;22/2/22;17/3/22;23;;;;;;;;
Mcom_005_40;rev_06;0;1/12/21;1/12/21;0.00;0.00;1/12/21;15/12/21;14;;;;;;;;
Mcom_005_40;rev_07;0;15/12/21;15/12/21;0.10;0.00;15/12/21;12/1/22;28;;;;;;;;Hizo fotos, no.  Videos
Mcom_005_40;rev_08;38;12/1/22;15/1/22;3.01;12.61;12/1/22;26/1/22;14;;;;;;;;
Mcom_005_40;rev_09;108;26/1/22;26/1/22;0.09;1264.39;26/1/22;9/2/22;14;;;;;;;;
Mcom_005_40;rev_10;324;9/2/22;9/2/22;0.20;1581.56;9/2/22;22/2/22;13;;;;;;;;
Mcom_005_40;rev_11;151;22/2/22;22/2/22;0.08;1858.46;22/2/22;17/3/22;23;;;;;;;;
Mcom_006_41;rev_06;0;1/12/21;1/12/21;0.00;0.00;1/12/21;15/12/21;14;;;;;;;;Tarjeta con videos de Rubus, no de Myrtus
Mcom_006_41;rev_07;27;15/12/21;15/12/21;0.07;377.48;15/12/21;12/1/22;28;;;;;;;;
Mcom_006_41;rev_08;114;14/1/22;15/1/22;1.04;109.29;12/1/22;26/1/22;14;;;;;;;;
Mcom_006_41;rev_09;37;26/1/22;26/1/22;0.03;1440.00;26/1/22;9/2/22;14;;;;;;;;
Mcom_006_41;rev_10;703;9/2/22;9/2/22;0.38;1857.47;9/2/22;22/2/22;13;;;;;;;;Videos de 2 segundos. Fecha final 01/01/208
Mcom_006_41;rev_11;55;22/2/22;12/3/22;18.06;3.05;22/2/22;17/3/22;23;;;;;;;;
Mcom_007_42;rev_06;50;1/12/21;15/12/21;13.91;3.59;1/12/21;15/12/21;14;;;;;;;;
Mcom_007_42;rev_07;0;15/12/21;15/12/21;0.00;0.00;15/12/21;12/1/22;28;;;;;;;;0 videos. No sé porqué
Mcom_007_42;rev_08;122;12/1/22;26/1/22;13.93;8.76;12/1/22;26/1/22;14;;;;;;;;
Mcom_007_42;rev_09;0;26/1/22;26/1/22;0.00;0.00;26/1/22;9/2/22;14;;;;;;;;Camara en setup. 0 videos
Mcom_007_42;rev_10;535;9/2/22;22/2/22;13.02;41.10;9/2/22;22/2/22;13;;;;;;;;La hora de inicio pone 20:22 y la final 20:48
Mcom_007_42;rev_11;589;22/2/22;6/3/22;11.24;52.41;22/2/22;17/3/22;23;;;;;;;;
Mcom_008_26;rev_06;473;1/12/21;5/12/21;4.07;116.17;1/12/21;15/12/21;14;;;;;;;;
Mcom_008_26;rev_07;497;15/12/21;8/1/22;24.15;20.58;15/12/21;12/1/22;28;;;;;;;;
Mcom_008_26;rev_08;340;12/1/22;26/1/22;13.99;24.30;12/1/22;26/1/22;14;;;;;;;;
Mcom_009_43;rev_06;50;1/12/21;15/12/21;13.92;3.59;1/12/21;15/12/21;14;;;;;;;;
Mcom_009_43;rev_07;80;28/12/21;3/1/22;6.13;13.05;15/12/21;12/1/22;28;;;;;;;;Hizo fotos, no videos
Mcom_009_43;rev_08;0;12/1/22;12/1/22;0.00;0.00;12/1/22;26/1/22;14;;;;;;;;Camara en setup. 0 videos
Mcom_009_43;rev_09;8;26/1/22;9/2/22;13.86;0.58;26/1/22;9/2/22;14;;;;;;;;
Mcom_009_43;rev_10;296;9/2/22;9/2/22;0.14;2079.22;9/2/22;22/2/22;13;;;;;;;;
Oeur_001_09;rev_01;435;27/10/21;9/11/21;12.99;33.49;26/10/21;9/11/21;14;;56;;;;;;
Oeur_001_09;rev_02;476;9/11/21;19/11/21;10.00;47.62;9/11/21;23/11/21;14;;40;;;;;;
Oeur_001_09;rev_03;512;23/11/21;8/12/21;15.12;33.86;23/11/21;10/12/21;17;;13;;;;;;
Oeur_001_09;rev_04;259;10/12/21;12/1/22;32.77;7.90;10/12/21;12/1/22;33;;100;;;;;;
Oeur_001_14;rev_01;331;26/10/21;30/10/21;4.18;79.14;26/10/21;9/11/21;14;;50;;;;;;
Oeur_001_14;rev_02;342;9/11/21;12/11/21;3.00;113.82;9/11/21;23/11/21;14;;4;;;;;;
Oeur_001_14;rev_03;278;23/11/21;10/12/21;17.03;16.32;23/11/21;10/12/21;17;;100;;;;;;
Oeur_001_14;rev_04;349;12/12/21;24/12/21;11.86;29.43;10/12/21;12/1/22;33;;85;;;;;;
Oeur_001_14;rev_05;239;12/1/22;26/1/22;14.04;17.02;12/1/22;26/1/22;14;;60;;;;;;
Oeur_001_16;rev_01;490;26/10/21;1/11/21;6.18;79.25;26/10/21;9/11/21;14;;14;;;;;;
Oeur_001_16;rev_02;491;9/11/21;18/11/21;8.98;54.68;9/11/21;23/11/21;14;;100;;;;;;
Oeur_001_16;rev_03;469;23/11/21;2/12/21;9.04;51.90;23/11/21;10/12/21;17;;100;;;;;;
Oeur_001_16;rev_04;72;12/12/21;12/1/22;30.86;2.33;10/12/21;12/1/22;33;;100;;;;;;
Oeur_002_15;rev_01;477;26/10/21;6/11/21;10.91;43.71;26/10/21;9/11/21;14;;85;;;;;;
Oeur_002_15;rev_02;480;9/11/21;21/11/21;12.08;39.73;9/11/21;23/11/21;14;;55;;;;;;
Oeur_002_15;rev_03;505;23/11/21;5/12/21;12.19;41.42;23/11/21;10/12/21;17;;47;;;;;;
Oeur_002_15;rev_04;527;10/12/21;2/1/22;22.99;22.92;10/12/21;12/1/22;33;;6;;;;;;
Oeur_002_15;rev_05;492;12/1/22;26/1/22;14.04;35.04;12/1/22;26/1/22;14;;;;;;;;
Oeur_004_09;rev_05;83;12/1/22;26/1/22;14.03;5.92;12/1/22;26/1/22;14;;99;;;;;;
Oeur_004_16;rev_05;44;12/1/22;26/1/22;14.08;3.13;12/1/22;26/1/22;14;;99;;;;;;
Oeur_005_17;rev_05;68;12/1/22;26/1/22;14.00;4.86;12/1/22;26/1/22;14;;100;;;;;;
Oeur_005_18;rev_05;14;12/1/22;26/1/22;13.99;1.00;12/1/22;26/1/22;14;;100;;;;;;
Pbou_001_2R;rev_01;362;27/9/21;27/9/21;0.12;2945.08;27/9/21;14/10/21;17; ;;;;;;;
Pbou_001_2R;rev_02;406;14/10/21;26/10/21;11.79;34.44;14/10/21;26/10/21;12;;;;;;;;
Pbou_001_2R;rev_01;13;28/9/21;14/10/21;16.53;0.79;27/9/21;14/10/21;17;;;;;;;;
Pbou_001_2R;rev_02;22;14/10/21;23/10/21;8.67;2.54;14/10/21;26/10/21;12;;;;;;;;
Pbou_002_1R;rev_01;6;27/9/21;14/10/21;17.01;0.35;27/9/21;14/10/21;17;;;;;;;;
Pbou_002_1R;rev_02;8;18/10/21;26/10/21;7.73;1.03;14/10/21;26/10/21;12;;;;;;;;
Pbou_002_1R;rev_03;10;3/11/21;9/11/21;6.08;1.64;26/10/21;9/11/21;14;;;;;;;;Saqueada
Pbou_002_1R;rev_04;9;13/11/21;18/11/21;5.08;1.77;9/11/21;23/11/21;14;;;;;;;;
Pbou_002_1R;rev_05;11;23/11/21;10/12/21;17.10;0.64;23/11/21;10/12/21;17;;;;;;;;Quitamos
Pbou_002_04;rev_01;17;27/9/21;14/10/21;17.01;1.00;27/9/21;14/10/21;17;;;T;;;;;
Pbou_002_04;rev_02;19;18/10/21;28/10/21;9.87;1.92;14/10/21;26/10/21;12;;;T;;;;;DIA del EXPOLIO
Pbou_002_04;rev_03;20;3/11/21;6/11/21;3.05;6.56;26/10/21;9/11/21;14;;;T;;;;;Saqueada
Pbou_002_04;rev_04;12;26/10/21;5/11/21;9.66;1.24;9/11/21;23/11/21;14;;;;;;;;
Pbou_002_04;rev_05;6;23/11/21;10/12/21;17.27;0.35;23/11/21;10/12/21;17;;;;;;;;Quitamos
Pbou_002_05;rev_01;1136;27/9/21;4/10/21;6.89;164.94;27/9/21;14/10/21;17;;;;;;;;
Pbou_002_05;rev_02;0;;;0.00;;14/10/21;26/10/21;12;;;;;;;;
Pbou_002_05;rev_03;2264;3/11/21;17/11/21;14.00;161.75;26/10/21;9/11/21;14;;;T;;;;;
Pbou_002_05;rev_04;167;26/10/21;9/11/21;13.93;11.99;9/11/21;23/11/21;14;;;T;;;;;
Pbou_002_05;rev_05;1329;23/11/21;28/11/21;5.21;254.90;23/11/21;10/12/21;17;;;;;;;;Quitamos
Pbou_003_06;rev_01;277;27/9/21;14/10/21;16.93;16.36;27/9/21;14/10/21;17;;;;;;;;
Pbou_003_06;rev_02;465;14/10/21;22/10/21;7.99;58.18;14/10/21;26/10/21;12;;;;;;;;
Pbou_003_06;rev_03;358;26/10/21;5/11/21;10.02;35.72;26/10/21;9/11/21;14;;;;;;;;
Pbou_003_06;rev_05;441;23/11/21;25/11/21;2.18;202.56;23/11/21;10/12/21;17;;;;;;;;Quitamos
Pbou_003_06;rev_04;161;26/10/21;8/11/21;13.40;12.01;9/11/21;23/11/21;14;;;T;;;;;
Pbou_003_07;rev_01;289;27/9/21;14/10/21;16.73;17.28;27/9/21;14/10/21;17;;;;;;;;
Pbou_003_07;rev_02;44;14/10/21;24/10/21;9.86;4.46;14/10/21;26/10/21;12;;;;;;;;
Pbou_003_07;rev_03;389;26/10/21;3/11/21;8.21;47.38;26/10/21;9/11/21;14;;;;;;;;
Pbou_003_07;rev_04;116;26/10/21;5/11/21;9.66;12.01;9/11/21;23/11/21;14;;;;;;;;
Pbou_004_08;rev_01;0;;;0.00;;27/9/21;14/10/21;17;;;;;;;;
Pbou_004_08;rev_02;725;14/10/21;26/10/21;11.79;61.51;14/10/21;26/10/21;12;;;T;;;;;
Pbou_004_08;rev_03;189;26/10/21;2/11/21;7.12;26.53;26/10/21;9/11/21;14;;;T;;;;;
Pbou_004_08;rev_04;0;;;0.00;0.00;9/11/21;23/11/21;14;;;;;;;;
Pbou_004_08;rev_05;53;23/11/21;25/11/21;2.37;22.39;23/11/21;10/12/21;17;;;;;;;;Quitamos
Pbou_004_08;rev_05;884;23/11/21;1/12/21;8.49;104.09;23/11/21;10/12/21;17;;;;;;;;Quitamos
Pbou_005_01;rev_01;212;30/9/21;30/9/21;0.14;1489.17;30/9/21;14/10/21;14;;;;;;;;
Pbou_005_01;rev_02;326;14/10/21;15/10/21;1.07;304.83;14/10/21;26/10/21;12;;;;;;;;
Pbou_005_01;rev_04;446;9/11/21;11/11/21;2.21;202.15;9/11/21;23/11/21;14;;;;;;;;Quitamos
Pbou_005_06;rev_01;505;30/9/21;1/10/21;1.09;462.30;30/9/21;14/10/21;14;;;;;;;;
Pbou_005_06;rev_02;556;14/10/21;17/10/21;3.06;181.72;14/10/21;26/10/21;12;;;;;;;;
Pbou_005_06;rev_03;503;26/10/21;1/11/21;6.35;79.18;26/10/21;9/11/21;14;;;;;;;;
Pbou_005_06;rev_04;538;9/11/21;22/11/21;13.21;40.72;9/11/21;23/11/21;14;;;;;;;;Quitamos
Pbou_006_08;rev_01;537;30/9/21;14/10/21;13.99;38.37;30/9/21;14/10/21;14;;;;;;;;
Pbou_006_08;rev_02;134;14/10/21;26/10/21;11.57;11.58;14/10/21;26/10/21;12;;;;;;;;
Pbou_006_08;rev_03;0;;;0.00;0.00;26/10/21;9/11/21;14;;;;;;;;Tarjeta Extraviada!?
Pbou_006_08;rev_04;163;9/11/21;23/11/21;13.93;11.70;9/11/21;23/11/21;14;;;;;;;;
Pbou_006_08;rev_05;444;23/11/21;25/11/21;2.23;199.12;23/11/21;10/12/21;17;;;;;;;;Quitamos
Pbou_007_09;rev_01;521;30/9/21;3/10/21;3.17;164.38;30/9/21;14/10/21;14;;;;;;;;
Pbou_007_09;rev_02;501;14/10/21;26/10/21;11.82;42.37;14/10/21;26/10/21;12;;;;;;;;
Pbou_008_22;rev_02;487;14/10/21;22/10/21;8.03;60.61;14/10/21;26/10/21;12;;;;;;;;
Pbou_008_22;rev_03;401;26/10/21;1/11/21;6.12;65.57;26/10/21;9/11/21;14;;;;;;;;
Pbou_008_22;rev_04;425;9/11/21;15/11/21;6.06;70.14;9/11/21;23/11/21;14;;;;;;;;
Pbou_008_22;rev_05;496;23/11/21;1/12/21;8.21;60.42;23/11/21;10/12/21;17;;;;;;;;Quitamos
Pbou_008_24;rev_02;453;14/10/21;16/10/21;1.96;230.58;14/10/21;26/10/21;12;;;;;;;;
Pbou_008_24;rev_03;462;26/10/21;27/10/21;1.10;421.33;26/10/21;9/11/21;14;;;;;;;;
Pbou_008_24;rev_04;460;9/11/21;11/11/21;2.07;222.36;9/11/21;23/11/21;14;;;;;;;;
Pbou_008_24;rev_05;566;23/11/21;3/12/21;10.12;55.91;23/11/21;10/12/21;17;;;;;;;;Quitamos
Pbou_009_23;rev_02;510;14/10/21;22/10/21;8.05;63.33;14/10/21;26/10/21;12;;;;;;;;
Pbou_009_23;rev_03;91;26/10/21;9/11/21;13.95;6.52;26/10/21;9/11/21;14;;;;;;;;
Pbou_009_23;rev_04;408;9/11/21;11/11/21;2.18;186.81;9/11/21;23/11/21;14;;;;;;;;
Pbou_009_23;rev_05;79;23/11/21;23/11/21;0.08;955.97;23/11/21;10/12/21;17;;;;;;;;Quitamos
Pbou_010_13;rev_02;454;14/10/21;16/10/21;1.95;232.32;14/10/21;26/10/21;12;;;;;;;;
Pbou_010_13;rev_04;395;9/11/21;18/11/21;9.06;43.62;9/11/21;23/11/21;14;;;;;;;;
Pbou_010_13;rev_05;123;23/11/21;10/12/21;17.06;7.21;23/11/21;10/12/21;17;;;;;;;;Quitamos
Pbou_010_25;rev_02;27;14/10/21;26/10/21;11.83;2.28;14/10/21;26/10/21;12;;;;;;;;
Pbou_010_25;rev_03;323;26/10/21;27/10/21;1.04;309.67;26/10/21;9/11/21;14;;;;;;;;
Pbou_010_25;rev_04;533;9/11/21;13/11/21;4.13;129.02;9/11/21;23/11/21;14;;;;;;;;Quitamos
Pbou_011_12;rev_03;514;26/10/21;1/11/21;6.10;84.25;26/10/21;9/11/21;14;;;;;;;;Quitamos
Pbou_012_17;rev_03;256;26/10/21;26/10/21;0.19;1355.29;26/10/21;9/11/21;14;;;;;;;;
Pbou_012_17;rev_04;427;9/11/21;13/11/21;4.00;106.84;9/11/21;23/11/21;14;;;;;;;;
Pbou_012_17;rev_05;197;23/11/21;23/11/21;0.10;1903.89;23/11/21;10/12/21;17;;;;;;;;
Pbou_012_17;rev_06;260;10/12/21;12/1/22;32.93;7.90;10/12/21;12/1/22;33;;;;;;;;
Pbou_012_18;rev_03;447;26/10/21;5/11/21;10.01;44.67;26/10/21;9/11/21;14;;;;;;;;
Pbou_012_18;rev_04;438;9/11/21;18/11/21;9.13;47.96;9/11/21;23/11/21;14;;;;;;;;
Pbou_012_18;rev_05;958;23/11/21;27/11/21;3.89;245.99;23/11/21;10/12/21;17;;;;;;;;
Pbou_012_18;rev_06;1282;10/12/21;14/12/21;4.20;304.89;10/12/21;12/1/22;33;;;;;;;;
Pbou_005_01;rev_03;467;26/10/21;31/10/21;4.93;94.74;26/10/21;9/11/21;14;;;;;;;;
Ppin_001_28;rev_01;32;8/10/21;16/10/21;8.13;3.93;8/10/21;21/10/21;13;;0;;;;;;battery problems/ retired soon
Ppin_001_28;rev_02;10;22/10/21;30/10/21;7.95;1.26;21/10/21;3/11/21;13;;0;;;;;;battery problems/ retired soon
Ppin_002_29;rev_01;17;8/10/21;19/10/21;10.77;1.58;8/10/21;21/10/21;13;;100;;;;;;
Ppin_002_29;rev_02;25;22/10/21;3/11/21;12.01;2.08;21/10/21;3/11/21;13;;100;;;;;;
Ppin_002_29;rev_03;20;4/11/21;18/11/21;13.76;1.45;3/11/21;18/11/21;15;;100;;;;;;
Ppin_002_29;rev_04;23;20/11/21;1/12/21;11.39;2.02;18/11/21;1/12/21;13;;100;;;;;;
Ppin_002_29;rev_05;15;4/12/21;15/12/21;10.90;1.38;1/12/21;15/12/21;14;;100;;;;;;
Ppin_002_29;rev_06;73;15/12/21;12/1/22;27.67;2.64;15/12/21;12/1/22;28;;100;;;;;;
Ppin_002_29;rev_07;40;12/1/22;26/1/22;14.03;2.85;12/1/22;26/1/22;14;;100;;;;;;
Ppin_002_29;rev_08;20;28/1/22;9/2/22;11.84;1.69;26/1/22;9/2/22;14;;100;;;;;;
Ppin_002_29;rev_09;19;9/2/22;22/2/22;12.96;1.47;9/2/22;22/2/22;13;;100;;;;;;Registra fotos, no videos
Ppin_002_29;rev_10;17;22/2/22;17/3/22;23.05;0.74;22/2/22;17/3/22;23;;100;;;;;;
Ppin_003_20;rev_03;11;3/11/21;18/11/21;14.90;0.74;3/11/21;18/11/21;15;;100;;;;;;
Ppin_003_20;rev_04;35;18/11/21;1/12/21;12.97;2.70;18/11/21;1/12/21;13;;100;;;;;;
Ppin_003_20;rev_05;17;1/12/21;15/12/21;13.88;1.22;1/12/21;15/12/21;14;;100;;;;;;
Ppin_003_20;rev_06;41;15/12/21;10/1/22;26.02;1.58;15/12/21;12/1/22;28;;100;;;;;;
Ppin_003_20;rev_07;35;12/1/22;26/1/22;14.03;2.50;12/1/22;26/1/22;14;;100;;;;;;
Ppin_003_20;rev_08;15;27/1/22;9/2/22;13.06;1.15;26/1/22;9/2/22;14;;100;;;;;;
Ppin_003_20;rev_09;11;9/2/22;22/2/22;12.97;0.85;9/2/22;22/2/22;13;;100;;;;;;
Ppin_003_20;rev_10;5;22/2/22;17/3/22;23.04;0.22;22/2/22;17/3/22;23;;100;;;;;;
Ppin_004_47;rev_05;30;1/12/21;10/12/21;8.79;3.41;1/12/21;15/12/21;14;;100;;;;;;
Ppin_004_47;rev_06;20;15/12/21;12/1/22;27.96;0.72;15/12/21;12/1/22;28;;0;;;;;;Registra fotos, no videos
Ppin_004_47;rev_07;31;12/1/22;26/1/22;14.02;2.21;12/1/22;26/1/22;14;;100;;;;;;Registra fotos, no videos
Ppin_004_47;rev_08;0;27/1/22;27/1/22;0.00;0.00;26/1/22;9/2/22;14;;100;;;;;;"Registra fotos, no videos; No hay fotos de animales, sólo de setup"
Ppin_004_47;rev_09;10;9/2/22;22/2/22;12.97;0.77;9/2/22;22/2/22;13;;55;;;;;;
Ppin_004_47;rev_10;14;22/2/22;17/3/22;23.04;0.61;22/2/22;17/3/22;23;;55;;;;;;
Ppin_005_48;rev_05;28;1/12/21;15/12/21;13.74;2.04;1/12/21;15/12/21;14;;100;;;;;;
Ppin_005_48;rev_06;109;16/12/21;12/1/22;27.02;4.03;15/12/21;12/1/22;28;;100;;;;;;Registra fotos, no videos
Ppin_005_48;rev_07;50;12/1/22;26/1/22;14.02;3.57;12/1/22;26/1/22;14;;100;;;;;;Registra fotos, no videos
Ppin_005_48;rev_08;46;30/1/22;9/2/22;10.24;4.49;26/1/22;9/2/22;14;;100;;;;;;
Ppin_005_48;rev_09;19;9/2/22;14/2/22;5.27;3.61;9/2/22;22/2/22;13;;0;;;;;;
Ppin_005_48;rev_10;7;22/2/22;27/2/22;5.20;1.35;22/2/22;17/3/22;23;;0;;;;;;
Rper_001_21;rev_01;165;14/10/21;26/10/21;12.00;13.75;14/10/21;26/10/21;12;;;T;;;;;
Rper_001_21;rev_01;165;14/10/21;26/10/21;12.00;13.75;14/10/21;26/10/21;12;;F;T;;;;;
Rper_001_21;rev_02;139;26/10/21;9/11/21;14.00;9.93;26/10/21;9/11/21;14;;;T;;;;;
Rper_001_21;rev_02;139;26/10/21;9/11/21;14.00;9.93;26/10/21;9/11/21;14;;F;T;;;;;
Rper_001_21;rev_03;31;27/1/20;10/2/20;14.03;2.21;9/11/21;23/11/21;14;;;;;;;;
Rper_001_21;rev_03;31;27/1/20;10/2/20;14.03;2.21;9/11/21;23/11/21;14;;F;;;;;;
Rper_001_21;rev_04;18;23/11/21;10/12/21;16.88;1.07;23/11/21;10/12/21;17;;;;;;;;
Rper_001_21;rev_04;18;23/11/21;10/12/21;16.88;1.07;23/11/21;10/12/21;17;;F;;;;;;
Rper_002_11;rev_01;9;14/10/21;21/10/21;6.76;1.33;14/10/21;26/10/21;12;;;;;;;;
Rper_002_11;rev_01;9;14/10/21;21/10/21;6.76;1.33;14/10/21;26/10/21;12;;F;;;;;;
Rper_002_11;rev_02;23;28/10/21;8/11/21;11.38;2.02;26/10/21;9/11/21;14;;;;;;;;
Rper_002_11;rev_02;23;28/10/21;8/11/21;11.38;2.02;26/10/21;9/11/21;14;;F;;;;;;
Rper_002_11;rev_03;523;9/11/21;23/11/21;13.77;37.97;9/11/21;23/11/21;14;;;;;;;;
Rper_002_11;rev_03;523;9/11/21;23/11/21;13.77;37.97;9/11/21;23/11/21;14;;F;;;;;;
Rper_002_11;rev_04;323;23/11/21;23/11/21;0.27;1208.10;23/11/21;10/12/21;17;;;;;;;;
Rper_002_11;rev_04;323;23/11/21;23/11/21;0.27;1208.10;23/11/21;10/12/21;17;;F;;;;;;
Rulm001_01;rev_01;546;19/8/21;26/8/21;7.10;76.85;19/8/21;3/9/21;15;F;;;;;;F;battery problems/ retired soon
Rulm001_01;rev_02;483;3/9/21;4/9/21;1.27;380.27;3/9/21;15/9/21;12;;;;;;;;
Rulm001_01;rev_03;96;15/9/21;30/9/21;14.87;6.45;15/9/21;30/9/21;15;;77;;;;;;
Rulm002_02;rev_01;65;17/8/21;29/8/21;12.32;5.27;19/8/21;3/9/21;15;;;;;;;;
Rulm002_02;rev_02;332;3/9/21;14/9/21;11.14;29.81;3/9/21;15/9/21;12;;;;;;;;
Rulm002_02;rev_03;619;15/9/21;27/9/21;12.26;50.50;15/9/21;30/9/21;15;;100;;;;;;
Rulm002_02;rev_04;409;30/9/21;14/10/21;14.16;28.89;30/9/21;14/10/21;14;;87;;;;;;
Rulm003_03;rev_01;473;19/8/21;20/8/21;1.31;361.53;19/8/21;3/9/21;15;;;;;;;;
Rulm003_03;rev_02;471;3/9/21;4/9/21;1.18;397.56;3/9/21;15/9/21;12;;;;;;;;
Rulm003_03;rev_03;585;15/9/21;21/9/21;6.25;93.62;15/9/21;30/9/21;15;;89;;;;;;
Rulm003_03;rev_04;549;30/9/21;4/10/21;3.97;138.43;30/9/21;14/10/21;14;;58;;;;;;
Rulm004_04;rev_01;512;19/8/21;27/8/21;8.16;62.77;19/8/21;3/9/21;15;;;;;;;;
Rulm004_04;rev_02;529;3/9/21;8/9/21;5.28;100.19;3/9/21;15/9/21;12;;;;;;;;
Rulm004_04;rev_03;516;15/9/21;17/9/21;2.08;247.60;15/9/21;30/9/21;15;;31;;;;;;
Rulm004_04;rev_04;16;3/10/21;12/10/21;9.44;1.69;30/9/21;14/10/21;14;;100;;;;;;
Rulm005_05;rev_01;316;19/8/21;2/9/21;13.88;22.76;19/8/21;3/9/21;15;;;T;;;;;
Rulm005_05;rev_02;268;3/9/21;14/9/21;11.34;23.64;3/9/21;15/9/21;12;;;T;;;;;
Rulm005_05;rev_03;101;15/9/21;30/9/21;14.89;6.78;15/9/21;30/9/21;15;;100;T;;;;;
Rulm005_05;rev_04;82;30/9/21;13/10/21;12.81;6.40;30/9/21;14/10/21;14;;100;T;;;;;
Rulm006_06;rev_01;421;19/8/21;23/8/21;4.01;104.87;19/8/21;3/9/21;15;;;;;;;;
Rulm006_06;rev_02;270;3/9/21;15/9/21;11.93;22.62;3/9/21;15/9/21;12;;;;;;;;
Rulm007_07;rev_01;280;19/8/21;19/8/21;0.27;1023.35;19/8/21;3/9/21;15;;;;;;;;
Rulm007_07;rev_02;449;3/9/21;4/9/21;1.16;387.39;3/9/21;15/9/21;12;;;;;;;;
Rulm007_07;rev_03;484;15/9/21;17/9/21;2.10;230.10;15/9/21;30/9/21;15;;0;;;;;;
Rulm007_07;rev_04;529;30/9/21;7/10/21;7.19;73.53;30/9/21;14/10/21;14;;100;;;;;;
Rulm008_08;rev_01;524;19/8/21;26/8/21;7.20;72.76;19/8/21;3/9/21;15;;;;;;;;
Rulm008_08;rev_02;349;3/9/21;5/9/21;2.05;170.19;3/9/21;15/9/21;12;;;;;;;;
Rulm008_08;rev_03;365;15/9/21;30/9/21;14.98;24.37;15/9/21;30/9/21;15;;62;;;;;;
Rulm009_09;rev_01;32;19/8/21;3/9/21;14.99;2.13;19/8/21;3/9/21;15;;;;;;;;
Rulm009_09;rev_02;18;3/9/21;15/9/21;12.03;1.50;3/9/21;15/9/21;12;;;;;;;;
Rulm009_09;rev_03;81;15/9/21;30/9/21;14.90;5.43;15/9/21;30/9/21;15;;100;;;;;;
Rulm010_10;rev_01;334;19/8/21;19/8/21;0.19;1761.76;19/8/21;3/9/21;15;;;;;;;;
Rulm010_10;rev_02;485;3/9/21;6/9/21;3.23;150.23;3/9/21;15/9/21;12;;;;;;;;
Rulm010_10;rev_03;550;15/9/21;30/9/21;14.97;36.73;15/9/21;30/9/21;15;;100;;;;;;
Rulm011_11;rev_01;459;19/8/21;20/8/21;1.14;403.27;19/8/21;3/9/21;15;;;;;;;;
Rulm011_11;rev_02;502;3/9/21;7/9/21;4.29;116.90;3/9/21;15/9/21;12;;;;;;;;
Rulm011_11;rev_03;283;15/9/21;15/9/21;0.15;1904.30;15/9/21;30/9/21;15;;0;;;;;;
Rulm011_11;rev_04;92;30/9/21;14/10/21;13.99;6.58;30/9/21;14/10/21;14;;100;;;;;;
Rulm012_12;rev_01;90;19/8/21;3/9/21;14.98;6.01;19/8/21;3/9/21;15;;;;;;;;
Rulm012_12;rev_02;97;3/9/21;14/9/21;11.27;8.61;3/9/21;15/9/21;12;;;;;;;;
Rulm012_12;rev_03;255;15/9/21;30/9/21;14.94;17.06;15/9/21;30/9/21;15;;100;;;;;;
Rulm012_12;rev_04;387;30/9/21;12/10/21;12.08;32.02;30/9/21;14/10/21;14;;100;;;;;;
Rulm013_13;rev_01;424;20/8/21;3/9/21;14.10;30.07;19/8/21;3/9/21;15;;;;;;;;
Rulm013_13;rev_02;471;3/9/21;7/9/21;4.12;114.45;3/9/21;15/9/21;12;;;;;;;;
Rulm013_13;rev_03;123;15/9/21;30/9/21;15.00;8.20;15/9/21;30/9/21;15;;100;;;;;;
Rulm013_13;rev_04;521;30/9/21;11/10/21;10.99;47.41;30/9/21;14/10/21;14;;80;;;;;;
Rulm014_14;rev_01;163;19/8/21;3/9/21;14.96;10.89;19/8/21;3/9/21;15;;;;;;;;
Rulm014_14;rev_02;483;3/9/21;5/9/21;2.04;236.41;3/9/21;15/9/21;12;;;;;;;;
Rulm014_14;rev_03;258;15/9/21;30/9/21;15.04;17.15;15/9/21;30/9/21;15;;100;;;;;;
Rulm014_14;rev_04;515;30/9/21;14/10/21;13.53;38.07;30/9/21;14/10/21;14;;67;;;;;;
Rulm015_15;rev_01;259;19/8/21;3/9/21;14.94;17.34;19/8/21;3/9/21;15;;;;;;;;
Rulm015_15;rev_02;130;3/9/21;15/9/21;11.98;10.85;3/9/21;15/9/21;12;;;;;;;;
Rulm015_15;rev_03;51;17/9/21;30/9/21;13.45;3.79;15/9/21;30/9/21;15;;100;;;;;;
Rulm015_15;rev_04;86;30/9/21;14/10/21;13.88;6.20;30/9/21;14/10/21;14;;100;;;;;;
Rulm015_15;rev_05;100;14/10/21;25/10/21;11.12;8.99;14/10/21;26/10/21;12;;100;;;;;;
Rulm016_16;rev_01;261;19/8/21;3/9/21;14.96;17.45;19/8/21;3/9/21;15;;;T;;;;;
Rulm016_16;rev_02;464;3/9/21;15/9/21;11.98;38.74;3/9/21;15/9/21;12;;;T;;;;;
Rulm016_16;rev_03;462;15/9/21;29/9/21;14.11;32.74;15/9/21;30/9/21;15;;77;T;;;;;
Rulm016_16;rev_04;496;30/9/21;14/10/21;13.99;35.46;30/9/21;14/10/21;14;;58;T;;;;;
Rulm017_17;rev_01;96;19/8/21;3/9/21;14.96;6.42;19/8/21;3/9/21;15;;;;;;;;
Rulm017_17;rev_02;598;3/9/21;14/9/21;11.05;54.10;3/9/21;15/9/21;12;;;;;;;;
Rulm017_17;rev_03;307;15/9/21;30/9/21;15.02;20.45;15/9/21;30/9/21;15;;100;;;;;;
Rulm017_17;rev_04;384;30/9/21;11/10/21;10.85;35.39;30/9/21;14/10/21;14;;82;;;;;;
Rulm018_18;rev_01;549;19/8/21;31/8/21;12.03;45.64;19/8/21;3/9/21;15;;;;;;;;
Rulm018_18;rev_02;505;3/9/21;9/9/21;6.05;83.49;3/9/21;15/9/21;12;;;;;;;;
Rulm018_18;rev_03;537;15/9/21;29/9/21;13.78;38.98;15/9/21;30/9/21;15;;65;;;;;;
Rulm018_18;rev_04;0;;;0.00;0.00;;;0;;56;;;;;;
Rulm019_19;rev_01;570;20/8/21;1/9/21;12.12;47.03;19/8/21;3/9/21;15;;;;;;;;
Rulm019_19;rev_02;225;3/9/21;15/9/21;11.90;18.91;3/9/21;15/9/21;12;;;;;;;;
Rulm019_19;rev_03;472;15/9/21;18/9/21;3.01;156.93;15/9/21;30/9/21;15;;91;;;;;;
Rulm019_19;rev_04;539;30/9/21;5/10/21;4.91;109.80;30/9/21;14/10/21;14;;47;;;;;;
Rulm020_20;rev_01;524;19/8/21;23/8/21;3.95;132.77;19/8/21;3/9/21;15;;;;;;;;
Rulm020_20;rev_02;531;3/9/21;9/9/21;5.97;88.91;3/9/21;15/9/21;12;;;;;;;;
Rulm020_20;rev_03;464;15/9/21;17/9/21;2.13;218.35;15/9/21;30/9/21;15;;0;;;;;;
Rulm021_21;rev_01;98;19/8/21;26/8/21;6.73;14.56;19/8/21;3/9/21;15;;;;;;;;
Rulm021_21;rev_02;17;31/12/19;2/1/20;2.04;8.34;3/9/21;15/9/21;12;;;;;;;;
Rulm021_21;rev_03;113;15/9/21;30/9/21;15.13;7.47;15/9/21;30/9/21;15;;100;T;;;;;
Rulm021_21;rev_04;4;30/9/21;3/10/21;3.08;1.30;30/9/21;14/10/21;14;;100;T;;;;;
Rulm022_22;rev_01;644;19/8/21;26/8/21;6.91;93.21;19/8/21;3/9/21;15;;;;;;;;
Rulm023_22;rev_03;499;15/9/21;23/9/21;8.07;61.83;15/9/21;30/9/21;15;;100;;;;;;Cámara 22 reubicada en Rulm023
Rulm023_22;rev_04;298;30/9/21;13/10/21;13.12;22.71;30/9/21;14/10/21;14;;88;;;;;;
Rulm023_23;rev_01;473;19/8/21;3/9/21;14.89;31.76;19/8/21;3/9/21;15;;;;;;;;
Rulm023_23;rev_02;519;3/9/21;15/9/21;12.03;43.16;3/9/21;15/9/21;12;;;;;;;;
Rulm023_23;rev_03;565;15/9/21;28/9/21;13.08;43.20;15/9/21;30/9/21;15;;98;;;;;;
Rulm023_23;rev_04;536;30/9/21;11/10/21;10.86;49.34;30/9/21;14/10/21;14;;74;;;;;;
Rulm024_24;rev_01;533;19/8/21;21/8/21;2.01;265.58;19/8/21;3/9/21;15;;;;;;;;
Rulm024_24;rev_02;537;3/9/21;5/9/21;2.12;253.87;3/9/21;15/9/21;12;;;;;;;;
Rulm024_24;rev_03;84;15/9/21;30/9/21;15.04;5.59;15/9/21;30/9/21;15;;100;;;;;;
Rulm024_24;rev_04;57;30/9/21;14/10/21;13.82;4.12;30/9/21;14/10/21;14;;99;;;;;;
Rulm025_25;rev_01;549;19/8/21;29/8/21;9.95;55.16;19/8/21;3/9/21;15;;;;;;;;
Rulm025_25;rev_02;379;3/9/21;15/9/21;12.03;31.50;3/9/21;15/9/21;12;;;;;;;;
Rulm025_25;rev_03;272;15/9/21;30/9/21;15.06;18.07;15/9/21;30/9/21;15;;100;;;;;;
Rulm025_25;rev_04;80;30/9/21;14/10/21;13.83;5.79;30/9/21;14/10/21;14;;100;;;;;;
Rulm026_26;rev_01;33;19/8/21;2/9/21;14.13;2.34;19/8/21;3/9/21;15;;;;;;;;
Rulm026_26;rev_03;39;15/9/21;30/9/21;15.06;2.59;15/9/21;30/9/21;15;;100;;;;;;
Rulm026_26;rev_04;43;30/9/21;14/10/21;13.80;3.12;30/9/21;14/10/21;14;;100;;;;;;
Rulm027_27;rev_01;618;19/8/21;29/8/21;10.11;61.14;19/8/21;3/9/21;15;;;;;;;;
Rulm027_27;rev_02;602;3/9/21;11/9/21;8.11;74.24;3/9/21;15/9/21;12;;;;;;;;
Rulm027_27;rev_03;207;15/9/21;26/9/21;10.53;19.65;15/9/21;30/9/21;15;;99;T;;;;;
Sasp001_02;rev_01;480;21/10/21;24/10/21;3.15;152.40;21/10/21;3/11/21;13;;74;;;;;;
Sasp001_02;rev_02;79;3/11/21;18/11/21;15.35;5.15;3/11/21;18/11/21;15;;69;;;;;;
Sasp001_02;rev_03;12;18/11/21;28/11/21;10.22;1.17;18/11/21;1/12/21;13;;58;;;;;;
Sasp001_02;rev_04;89;4/12/21;12/12/21;8.23;10.82;1/12/21;15/12/21;14;;52;;;;;;
Sasp001_02;rev_05;137;17/12/21;12/1/22;25.68;5.33;15/12/21;12/1/22;28;;50;;;;;;
Sasp001_02;rev_06;22;12/1/22;26/1/22;14.03;1.57;12/1/22;26/1/22;14;;49;;;;;;
Sasp001_02;rev_07;34;26/1/22;9/2/22;14.00;2.43;26/1/22;9/2/22;14;;42;;;;;;
Sasp001_02;rev_08;15;9/2/22;22/2/22;12.96;1.16;9/2/22;22/2/22;13;;51;;;;;;
Sasp001_02;rev_09;33;22/2/22;17/3/22;23.05;1.43;22/2/22;17/3/22;23;;44;;;;;;
Sasp001_02;rev_10;6;17/3/22;29/3/22;12.06;0.50;17/3/22;29/3/22;12;;51;;;;;;
Sasp002_03;rev_01;5;26/10/21;1/11/21;6.09;0.82;21/10/21;3/11/21;13;;58;;;;;;
Sasp002_03;rev_02;73;3/11/21;15/11/21;11.87;6.15;3/11/21;18/11/21;15;;50;;;;;;
Sasp002_03;rev_03;18;19/11/21;28/11/21;8.84;2.04;18/11/21;1/12/21;13;;38;;;;;;
Sasp002_03;rev_04;140;2/12/21;15/12/21;12.82;10.92;1/12/21;15/12/21;14;;100;;;;;;
Sasp002_03;rev_05;33;15/12/21;12/1/22;27.96;1.18;15/12/21;12/1/22;28;;100;;;;;;
Sasp002_03;rev_06;3;12/1/22;26/1/22;13.85;0.22;12/1/22;26/1/22;14;;100;;;;;;
Sasp002_03;rev_07;13;26/1/22;9/2/22;14.01;0.93;26/1/22;9/2/22;14;;100;;;;;;
Sasp002_03;rev_08;10;9/2/22;22/2/22;12.96;0.77;9/2/22;22/2/22;13;;100;;;;;;
Sasp002_03;rev_09;10;22/2/22;17/3/22;23.05;0.43;22/2/22;17/3/22;23;;100;;;;;;
Sasp003_04;Rev_01;563;21/10/21;31/10/21;9.60;58.62;21/10/21;3/11/21;13;;100;;;;;;
Sasp003_04;rev_02;531;3/11/21;6/11/21;2.96;179.46;3/11/21;18/11/21;15;;91;;;;;;
Sasp003_04;rev_03;373;18/11/21;18/11/21;0.19;1967.47;18/11/21;1/12/21;13;;54;;;;;;
Sasp003_04;rev_04;558;1/12/21;8/12/21;7.15;78.00;1/12/21;15/12/21;14;;31;;;;;;
Sasp003_04;rev_05;443;15/12/21;16/12/21;1.19;372.83;15/12/21;12/1/22;28;;76;;;;;;
Sasp003_04;rev_06;482;12/1/22;13/1/22;1.26;383.26;12/1/22;26/1/22;14;;13;;;;;;
Sasp003_04;rev_07;375;26/1/22;26/1/22;0.20;1908.13;26/1/22;9/2/22;14;;87;;;;;;
Sasp003_04;rev_08;229;9/2/22;22/2/22;12.96;17.67;9/2/22;22/2/22;13;;84;;;;;;
Sasp003_04;rev_09;573;22/2/22;7/3/22;13.29;43.11;22/2/22;17/3/22;23;;67;;;;;;
Sasp003_04;rev_10;457;17/3/22;21/3/22;4.13;110.56;17/3/22;29/3/22;12;;50;;;;;;
Sasp004_05;rev_01;335;21/10/21;3/11/21;13.02;25.72;21/10/21;3/11/21;13;;89;T;;;;;
Sasp004_05;rev_02;557;3/11/21;13/11/21;10.02;55.60;3/11/21;18/11/21;15;;70;T;;;;;
Sasp004_05;rev_03;374;18/11/21;30/11/21;12.16;30.75;18/11/21;1/12/21;13;;57;;;;;;
Sasp004_05;rev_04;31;1/12/21;14/12/21;12.98;2.39;1/12/21;15/12/21;14;;53;;;;;;
Sasp004_05;rev_05;456;15/12/21;16/12/21;1.22;372.46;15/12/21;12/1/22;28;;20;;;;;;
Sasp004_05;rev_06;471;12/1/22;14/1/22;2.20;213.89;12/1/22;26/1/22;14;;100;;;;;;
Sasp004_05;rev_07;514;26/1/22;28/1/22;2.05;250.73;26/1/22;9/2/22;14;;74;;;;;;
Sasp004_05;rev_08;489;9/2/22;13/2/22;4.20;116.33;9/2/22;22/2/22;13;;51;;;;;;
Sasp004_05;rev_09;347;22/2/22;22/2/22;0.18;1975.02;22/2/22;17/3/22;23;;0;;;;;;
Sasp004_05;rev_10;471;17/3/22;19/3/22;2.00;235.99;17/3/22;29/3/22;12;;67;;;;;;
Sasp005_07;rev_01;396;21/10/21;3/11/21;13.46;29.43;21/10/21;3/11/21;13;;97;;;;;;
Sasp005_07;rev_02;143;7/11/21;18/11/21;11.02;12.98;3/11/21;18/11/21;15;;97;;;;;;
Sasp005_07;rev_03;103;18/11/21;1/12/21;12.97;7.94;18/11/21;1/12/21;13;;91;;;;;;
Sasp005_07;rev_04;24;1/12/21;12/12/21;10.66;2.25;1/12/21;15/12/21;14;;0;;;;;;
Sasp005_07;rev_05;486;15/12/21;29/12/21;14.27;34.07;15/12/21;12/1/22;28;;100;;;;;;
Sasp005_07;rev_06;585;12/1/22;20/1/22;8.32;70.31;12/1/22;26/1/22;14;;86;;;;;;
Sasp005_07;rev_07;464;26/1/22;1/2/22;6.24;74.34;26/1/22;9/2/22;14;;64;;;;;;
Sasp005_07;rev_08;517;9/2/22;14/2/22;5.27;98.19;9/2/22;22/2/22;13;;35;;;;;;
Sasp005_07;rev_09;351;22/2/22;22/2/22;0.37;941.23;22/2/22;17/3/22;23;;100;;;;;;
Sasp006_10;rev_01;61;21/10/21;3/11/21;13.01;4.69;3/11/21;18/11/21;15;;97;;;;;;
Sasp006_10;rev_02;90;3/11/21;3/11/21;0.08;1070.04;3/11/21;18/11/21;15;;0;;;;;;
Sasp006_10;rev_03;192;18/11/21;18/11/21;0.10;1933.43;18/11/21;1/12/21;13;;12;;;;;;
Sasp006_10;rev_04;428;1/12/21;5/12/21;4.03;106.13;1/12/21;15/12/21;14;;100;;;;;;
Sasp006_10;rev_05;490;15/12/21;29/12/21;13.90;35.24;15/12/21;12/1/22;28;;85;;;;;;
Sasp006_10;rev_06;22;12/1/22;26/1/22;14.09;1.56;12/1/22;26/1/22;14;;0;;;;;;
Sasp006_10;rev_07;418;26/1/22;9/2/22;13.89;30.09;26/1/22;9/2/22;14;;68;;;;;;
Sasp006_10;rev_08;467;9/2/22;22/2/22;12.96;36.02;9/2/22;22/2/22;13;;51;;;;;;
Sasp006_10;rev_09;464;22/2/22;27/2/22;5.26;88.14;22/2/22;17/3/22;23;;4;;;;;;
Sasp006_10;rev_10;503;17/3/22;20/3/22;2.95;170.47;17/3/22;29/3/22;12;;86;;;;;;